family_members,bath_litres_per_person,baths_per_person_day,laundry_kg_day,laundry_method,utensils_per_day,function_utensils_month,has_garden,garden_area_sqft,garden_watering_days,garden_method,two_wheeler_count,four_wheeler_count,auto_count,truck_count,vehicle_washes_month,vehicle_method,cooking_drinking,cleaning,consumption
7,46.77303450797557,1.4039579542802598,5.287932877094125,1,45,122,1,262.86441798656574,5.680504142409789,3,2,1,0,1,1,2,19.264001293522448,36.8772088422165,761.8363505791419
4,55.18272980613608,0.951717860063543,3.0342609803439977,1,23,143,0,0.0,0.0,1,3,1,0,1,7,1,16.058110084155253,63.96288830231617,450.925506412814
5,58.23322182801748,0.8670001888641132,6.764284379582596,2,44,221,0,0.0,0.0,1,2,0,0,1,0,1,18.910478277803737,19.99669480478687,494.8725688420985
7,30.147571832516327,0.8165470102324355,9.81083003657328,3,39,188,1,1223.7763674704304,6.533339908929161,2,0,1,1,0,8,3,17.940261935320628,24.348596024304182,629.7245790797708
3,57.43056688065231,1.249380050310286,6.431437864390408,1,26,67,0,0.0,0.0,4,1,0,0,0,7,2,26.469382130711622,58.013812400411446,479.4679030920606
5,42.22407025778384,1.2249658252621465,4.22032675702194,2,76,103,1,516.0997593831344,3.279545745772088,4,1,1,1,0,0,3,21.29500258452668,49.21617841387838,536.400523244368
5,34.03855359046354,1.182688188899849,6.830357013914755,1,39,79,0,0.0,0.0,1,3,2,1,1,8,1,9.718961948352598,24.271483983511946,627.8521992776199
7,41.06975146833915,0.9623629672811828,2.106286106188488,1,54,158,1,303.8801053875928,4.630427520626462,4,2,0,1,0,1,3,6.575419471884271,73.19789082087752,513.207961296716
2,59.3011401349917,1.0736341971338603,8.997931722388588,3,60,52,1,1076.404264132069,4.3593431910747125,3,3,0,1,0,2,3,15.609094717033674,29.31609031888524,467.8318924989021
3,42.24163328975044,1.2161334346303212,5.527755557018527,2,56,105,1,999.9292275206432,3.918430213217069,1,1,0,0,1,1,3,5.390265556443231,39.47499787355437,474.19205981029177
7,36.50630636006279,1.1477368012014186,5.0441476783567785,3,62,152,1,1195.8439439519414,4.029596824536401,1,1,0,0,1,7,1,12.957434645833391,24.160155931077657,695.6958838592892
3,47.1690299010854,1.4914498641504212,6.272783096081673,3,73,43,1,1412.4736413587466,2.058471462567317,1,2,0,0,1,1,3,14.20053673598064,37.161933283906,535.7455261835232
3,33.405096657236754,0.8955078267897132,6.623054765104622,1,47,139,1,1068.6983085732288,5.876397425828076,2,0,0,1,0,1,1,14.389721850248096,44.4152725078032,542.2060058148296
5,27.65521648380324,1.2866011878333157,1.6459822560386173,3,73,89,0,0.0,0.0,4,2,2,0,1,0,2,29.48375060809732,30.667293815904337,416.0193494155508
4,29.510790266872725,1.0830231376730044,7.143554991010622,2,16,100,0,0.0,0.0,2,1,2,1,1,6,3,12.597521924311708,63.83655712375384,448.0643820277313
3,29.481604363522035,1.0997397304479304,3.177385122839766,3,31,239,0,0.0,0.0,3,0,1,0,1,1,3,11.630687384465531,37.575308505237295,290.9386317833339
6,30.316594272930303,1.3023184359607234,7.4255736925593085,3,50,96,1,393.028506167892,6.594663870264105,4,3,0,0,1,4,1,8.234523276688531,61.0656999971137,557.5995446806595
5,29.858951042729355,1.2847053059270588,8.40281314945777,3,19,219,0,0.0,0.0,2,1,1,0,1,4,3,17.77522089206532,24.49505227731704,409.56653726937935
2,47.43061606811251,1.4938791955915318,8.235626567972684,1,66,8,1,1084.5920756591506,3.2141063944670365,1,3,1,1,1,2,1,8.841857655340517,36.39248477552251,634.508505699323
4,31.365802953970068,0.8898760026178877,5.972508706671002,2,16,11,0,0.0,0.0,2,0,2,0,0,2,3,20.407367818269613,10.564080222687462,279.37575469808473
6,37.09835491633521,0.8728767545689164,5.68152903079676,1,59,68,0,0.0,0.0,1,3,1,1,1,2,2,8.87899447345874,63.10463087395982,537.3860353006489
6,56.387594346710415,1.3070371719901188,2.285883652054705,1,61,181,1,1010.3570995311262,1.675655376095324,2,1,2,1,0,5,2,19.41683294398003,53.81206510313389,785.3766983540935
2,41.588657409200536,1.2048708419044865,7.978115353628221,1,42,243,0,0.0,0.0,2,2,1,1,0,3,2,25.65673097936565,67.24763274443194,427.31990250322144
4,48.36452084823596,0.9919124665918642,3.4426844240204293,1,10,181,0,0.0,0.0,2,3,0,0,1,2,3,6.063115837977316,41.89275516718993,376.560451064785
5,31.031195492057044,0.8555935582922907,5.470258805361519,1,62,27,0,0.0,0.0,1,1,1,0,0,1,3,15.493674372955148,65.98184505989875,486.808467800472
1,31.730115658303475,0.8599607747175014,3.5584668363476504,2,69,55,1,572.0974865688,3.4398191613098223,2,1,2,1,0,2,2,16.526224180470887,55.33077809896849,390.2384147723722
4,26.43040156932676,1.425933612264883,2.2044552669972384,3,43,98,0,0.0,0.0,4,0,2,1,0,3,2,24.77680358695281,10.252905277396708,317.19795471482405
2,30.91272720752576,0.93430712730312,6.666019272025629,1,13,196,1,171.71401496603855,5.767977354387334,4,1,2,1,1,5,1,16.697890798638603,27.758600656195835,370.16666670732144
6,34.75066186611855,1.0263600934808643,1.4889883134061344,1,26,225,0,0.0,0.0,4,2,1,1,0,3,1,19.188394661408005,44.57239465443736,404.52445550965047
5,31.19536694968614,0.9586594815588916,7.7378071071358,2,13,109,0,0.0,0.0,1,2,1,1,0,7,2,24.780106339701774,53.30811447983799,436.8960391943447
4,28.104588681496946,1.0484974140823562,3.85828115735005,2,52,225,0,0.0,0.0,1,3,2,0,0,2,2,18.993962323232267,14.5913605265246,360.28262290784266
1,29.22225548852103,0.8485966899222654,1.001212237040368,3,13,76,0,0.0,0.0,4,3,0,0,0,2,3,13.95748533798956,59.35559497286542,148.251005725474
1,41.1272568811454,1.1633418536357891,5.6001622531350685,2,10,102,1,1181.9761167971046,1.8847235045568091,4,3,0,0,1,2,2,7.146056940514557,48.04752683530819,258.36332563125814
3,32.221680144202736,0.8473287945145505,1.421667176748428,3,59,105,0,0.0,0.0,4,3,1,1,1,7,1,23.24789073781444,46.80455147727999,400.0817650034629
3,37.74944513668264,1.360249555475653,3.485526020388096,1,70,108,1,314.7780353447232,4.394483839306876,3,2,1,1,0,3,1,26.77845375405388,30.443189066854057,503.7599165562364
7,42.61960447991999,0.9635984573373032,7.362788387101445,1,44,111,1,613.1716623309167,5.288213898293546,4,0,2,0,1,0,1,29.2516134255041,51.63761696434038,717.9866069207269
2,49.163819002027786,1.1780083402231574,1.564206594596793,3,17,57,0,0.0,0.0,2,3,1,0,1,1,1,28.164997019289206,11.924502274224226,211.8835182528788
4,26.375924894438462,1.416055361293021,8.554046431204021,2,33,77,0,0.0,0.0,3,0,1,1,0,1,1,24.935447720831217,14.529023135279196,398.831671327312
4,52.97936396181649,1.255614158333036,1.034379303927248,3,45,74,1,1217.8349070716667,6.676453708412988,3,1,2,1,1,2,1,21.086798306143205,61.37090610489891,671.8774355525334
7,46.97651363218177,1.1730704505859348,3.2214148228171204,2,59,41,1,1090.1196596695927,2.4682935821422056,1,1,2,1,1,5,2,24.53650364576596,32.532393977377474,759.8470871182666
6,27.86156611821052,1.027033627180763,7.668136505368643,1,52,165,0,0.0,0.0,2,3,1,0,0,7,1,15.8020928213017,34.28769529371387,550.4874961874183
6,55.575251843737206,1.0331013391407389,3.846431347563761,2,36,67,0,0.0,0.0,1,1,0,1,0,0,1,19.869405369770877,24.586964227951626,518.946234380732
7,57.23053401861346,1.2686408686387332,1.9170314925941216,3,41,180,0,0.0,0.0,1,0,1,1,1,8,1,13.71749522847963,41.19344844699525,736.7289059546279
6,27.137728594920237,1.4958975528548173,4.242105269203851,3,27,32,0,0.0,0.0,2,0,0,1,1,0,1,13.167730374509569,13.63954019879102,389.504701836766
3,34.69071768515213,1.2632874328945651,3.4335395774607296,1,37,70,0,0.0,0.0,1,1,0,0,1,1,2,23.917294331900845,31.02542564997796,343.8616034171841
4,53.21704479275715,1.1904483921590174,8.584407119444993,2,38,55,1,1480.3078360748848,1.6601063267652616,2,3,0,1,1,2,3,16.348319557589043,46.898674524438825,605.1064199738493
7,51.18908916342805,1.3114553571674723,3.820131258266288,2,25,104,0,0.0,0.0,2,0,2,0,0,6,3,10.30403157327573,42.59423450913959,665.753254260771
4,31.458235677473205,1.1256439285986026,8.100392245984064,2,56,199,0,0.0,0.0,1,0,2,1,0,8,3,10.048454048546647,79.97687501861236,559.3317303182373
1,32.32722631678486,0.8420996398205497,9.026849303296611,1,68,100,1,909.9895051910962,1.055861744574122,4,2,2,1,0,2,3,26.47930903924834,37.213525648183705,436.6141182435671
3,37.96652359769837,1.1936077711145368,4.904356776188766,2,40,50,0,0.0,0.0,1,3,1,0,0,7,1,21.94401235906678,37.08993414780162,381.13723684437673
5,41.958304481685744,1.4703376991537662,9.189488294689529,3,13,73,0,0.0,0.0,3,2,2,1,0,8,3,18.65115183395289,45.25072441901222,558.1554374944185
3,46.63891700356036,0.9227120596503616,4.395862485668736,2,46,170,1,344.29788095713724,4.263267526966706,1,1,2,0,1,6,3,15.023468399908984,23.321217718986087,439.5251530271156
7,37.911977384942034,1.283003423574466,9.676705748410974,1,26,120,0,0.0,0.0,2,1,1,1,1,3,2,15.770434769678143,71.34130960714106,734.2515119772977
5,41.18871506466017,0.9406535820613396,1.8036057207301563,2,48,142,1,1280.4028110416436,3.840609601564292,3,2,1,0,0,3,2,6.435879854873595,50.0587452205114,486.02668241029374
1,51.16148283468148,1.175079379131157,7.183173398529185,2,57,165,0,0.0,0.0,2,3,0,1,0,3,2,16.37275362169607,23.44753474395957,371.2280396950408
7,26.283912101170927,0.8676735147527037,5.444326364112358,3,55,142,0,0.0,0.0,4,0,1,0,0,5,1,24.886372765552046,65.54091139604927,417.065796839176
2,33.835293052040726,1.1152596553807297,4.488839249100824,2,57,4,0,0.0,0.0,4,1,1,0,1,3,1,14.699662002383056,12.403251979999729,319.6711601995919
4,49.96723550595934,1.3293143302266723,6.694406908737408,3,48,220,1,1351.5622804475065,3.604293210869084,3,3,2,1,1,4,1,14.589531313581448,78.77949404097991,735.1938737737058
1,56.33223931905198,1.0433000669672874,7.334713824708981,3,13,82,1,1387.7096004912107,5.91656712202219,4,3,0,0,1,8,2,5.3929145754821946,70.560453433996,452.5219293402591
4,42.90871047404831,1.2654382071410526,1.0392694268527818,1,39,181,1,232.7888705544185,6.433492825438793,4,1,0,1,0,6,3,16.445881563951716,50.57476188738139,455.0285067650767
6,43.62397198428605,1.3568149725528105,2.5025777987247886,3,39,50,1,861.7764027483413,1.7185597985931833,1,1,1,0,0,7,2,5.633441323699172,17.790696392994654,544.143348977583
2,28.75102039689216,1.4490244736356168,7.417414455708868,3,31,9,0,0.0,0.0,1,3,2,1,0,4,1,19.258735700219027,25.069094130277,308.3261393341395
2,40.65943283882091,0.9642494572988176,6.997468722203858,1,75,139,1,1159.6975831778193,2.707071758454665,4,0,2,1,0,4,2,17.669584539557853,29.56046192194942,521.2125482697727
1,43.64160432592581,1.0795211410665158,9.694427546158096,3,21,245,1,949.4026827580054,1.2823671872616844,4,2,2,1,0,6,3,26.00021247309997,26.87222165325277,345.0848662059587
2,33.48646762721554,0.9066912093312922,7.849340112257047,1,45,3,1,333.50226925714384,5.0112801706839125,1,1,2,1,1,7,1,19.54451527314303,44.8264007317412,519.0113942546672
5,34.423513083228336,1.4947384515108628,9.556954369582042,2,27,94,0,0.0,0.0,4,2,1,0,0,8,3,13.08568388305538,76.11922591870035,597.5160863894686
2,38.2049457086618,1.4489006775470066,7.322864513813263,1,62,145,0,0.0,0.0,4,3,2,1,1,1,3,17.90577523542285,41.092080933746736,464.989599526635
4,25.702491922220425,1.1779699911963917,3.682469877754989,3,10,79,1,220.5900801686508,5.874481945743403,2,2,0,1,1,2,1,22.49265889374797,56.30951977213839,305.3118126423899
4,36.27277079541124,1.3894233060634948,1.948284300257708,1,67,231,1,749.3337545441268,6.12037440122165,4,0,0,1,1,1,3,7.34909488525957,58.20082441851762,526.068107647047
7,32.40068024487906,1.1646705840904297,8.03641477010442,3,15,35,0,0.0,0.0,3,3,1,1,1,6,2,20.526852211760843,71.01065076781379,569.1161949510515
4,36.46240732622701,1.2365099816019318,6.797342993283243,2,79,24,1,572.4678639981606,2.5917105345163147,2,0,2,1,1,1,3,27.91565704944948,12.367490130006347,517.7776020664102
7,29.191674613673797,0.8623871024812116,1.433674111539666,1,53,214,1,125.3135290879596,6.423718391139335,3,3,2,0,0,1,3,12.47825739078111,38.303104154327954,426.21105757705743
4,56.16845482589632,1.3286892943477655,4.240454193108805,2,33,203,1,660.4618157750615,2.923976528418593,4,0,2,1,0,1,3,20.665627371910308,64.93145798602694,554.4144143315018
5,45.7757358743917,0.8893994385446644,9.611198339358577,3,28,97,1,869.8276896186946,4.314028080733017,1,3,2,0,0,3,2,25.533236258756087,67.04069104758123,517.4291830684666
7,48.76858117005713,1.37824734117677,5.503610311391811,3,27,163,0,0.0,0.0,2,0,1,0,1,0,3,17.7951599359656,74.91328306218078,694.1682304341887
3,52.62099335125684,1.3474196613692702,4.894562224177342,2,39,100,0,0.0,0.0,1,3,2,1,1,1,3,22.949488350509625,59.19560518726016,417.4086689576076
6,42.445476962517006,1.2961212884200837,5.119296446433646,1,51,194,0,0.0,0.0,2,0,1,1,1,2,2,12.775258462231502,27.160776227332047,592.4371667389314
1,28.042210083059828,0.8253122663673336,2.8799445160464736,1,42,8,1,401.6480701860221,3.666879867866746,1,3,2,0,1,6,1,12.651461323128618,45.39660201590648,398.3328930350214
4,43.79872896364917,1.01218984916173,4.318364537783157,3,21,60,1,268.6745514138551,2.537754252215305,2,0,2,0,1,0,1,21.689600544964016,12.26417015432283,339.20056496885843
2,45.53943913073077,0.98417879893759,4.328319303884589,2,36,52,0,0.0,0.0,2,1,0,0,1,5,1,22.635221849337096,55.28498387687728,364.9970781381864
4,51.09038159645155,1.0520954852300637,1.4711951816872515,2,48,145,0,0.0,0.0,3,2,1,1,0,2,3,28.425242487803597,48.80066480561297,412.9252886037732
2,40.108084118038775,0.861349922734687,7.908108656661264,1,18,170,0,0.0,0.0,1,3,0,0,1,2,1,10.620964367949362,56.678539653290514,356.489924212087
6,29.46531059784473,1.4558704761217438,4.748539887134911,1,30,162,1,1279.5535211580918,5.835347015181125,3,0,1,0,1,3,2,16.705439902199227,75.10983873713168,745.8000736595253
6,34.93215670295535,1.1876615684986631,8.39961898134781,1,38,62,0,0.0,0.0,3,1,2,1,0,3,3,11.262836829097283,58.109362820430206,609.7161442173622
6,37.70788037395223,1.0138670174606166,8.653132010079059,2,42,120,1,1473.9899948908353,2.148937689448717,1,3,2,0,1,6,3,7.002304022006135,32.43149512623329,676.2078466108237
2,47.60710344660605,1.0778870619519985,2.9079464922879223,1,71,246,1,236.3274207512059,3.3174183717945374,2,3,1,1,0,2,3,15.080763198687192,23.911566470910973,430.9720448531517
4,44.97724066341192,1.113041778353385,6.916181339531157,1,24,225,0,0.0,0.0,3,3,0,0,0,7,1,14.352018682205085,69.82453447730583,516.4485691978608
6,37.46338540642462,1.220416033352432,5.250536237466836,3,11,104,0,0.0,0.0,1,2,1,1,0,7,1,11.760852999554697,23.60325002916324,420.1812850433512
5,59.52803370775429,1.1609755993875486,8.921410641293367,1,61,205,1,590.0096158624502,2.924272989905764,2,0,1,0,1,6,1,12.424872278485411,21.312670641675474,809.719154895583
7,46.20211867749105,1.4435743812500923,2.941666112588087,1,53,3,0,0.0,0.0,3,0,2,1,0,1,3,14.010295158781952,24.462845647668303,675.0025439104452
2,33.30293771075981,1.1478744380340813,7.100318802790398,2,63,92,0,0.0,0.0,3,3,0,1,0,4,2,29.72094081950234,45.61885936913548,385.2825673978018
2,28.56238654171413,1.4945106103763188,6.469769100274503,2,27,168,1,869.1765648853503,1.1405977322043293,3,3,1,0,1,5,3,24.573944149182,18.69312102116198,394.6465986717872
4,30.35006987145162,1.395997470421567,3.6577132981464953,3,12,172,1,927.2127743531604,3.581055450665879,2,3,0,1,0,3,2,6.785030027172674,75.66828314176915,448.8947763178317
2,33.60852049345779,0.9459573600501352,2.229408132860553,1,16,177,1,1013.8193732881138,6.2500521984638215,3,1,0,0,1,4,3,26.810329412167544,77.63775950680628,433.9012809288534
2,30.62384806408445,1.4514166502507413,6.8647578442954895,3,52,206,1,457.9327126645402,2.808737118464008,2,3,1,1,1,8,2,20.832583159966784,78.16612972980992,535.0924454813248
6,31.5298458417957,0.8814564785198333,7.647377123190976,2,47,27,1,610.3929985278103,1.5673380686463294,4,2,0,1,0,6,3,27.264844003047727,12.738736337380386,416.1643622373248
4,34.97833090428465,1.372214795943834,3.84064609387015,3,46,169,0,0.0,0.0,3,0,2,1,1,1,3,13.542742178255706,76.23382685360222,461.9162916213136
6,31.06807583531642,1.066436305433606,6.803493436200824,2,67,79,1,372.9198765582237,4.636082991616488,4,2,2,1,1,0,2,16.612971620292967,79.81904528321976,578.3423684264361
7,56.38678986192488,1.4145820243115486,4.556178168503529,3,42,75,1,1257.614986042707,4.421875046959023,1,3,2,1,0,1,2,27.40567643270271,75.9700376541841,932.2861183644932
7,27.80818109815748,1.4076396830752151,7.41886194954356,3,68,115,1,887.7175920638393,1.3214593576444476,3,1,2,1,0,2,2,11.814328397842036,56.96572340338943,583.5782098871289
6,43.357898634958914,1.3641477800823347,2.792937474046478,1,20,68,0,0.0,0.0,1,3,0,1,0,1,2,27.887521906135383,59.08611066859506,514.5243802624018
7,39.36388894463816,1.353021305414943,9.01193502372557,3,77,97,1,1099.0503127688603,4.735296377278683,1,3,2,0,0,2,2,25.71249280360673,18.557705791141338,838.0636549004124
4,59.383251591801226,1.0132753973686286,3.5866863681902177,1,77,233,1,390.5160935388306,2.246943048753015,1,3,1,0,1,8,2,29.51394852273233,71.20079539524738,681.4796191086333
1,28.921361575881832,0.8566434981358766,4.310073889805376,1,31,0,1,896.337831007422,4.024420478490546,4,3,2,1,0,3,2,13.106439675409078,14.174770924014004,292.5502724338297
6,38.92494596660096,1.082086125135613,1.522827568723148,1,75,166,0,0.0,0.0,2,3,1,1,0,8,2,10.893829500119583,32.24113826323479,536.0052027623674
5,58.93146516463791,0.921467160490556,2.0036099108914875,1,53,95,1,704.9627315227011,2.7010431416256364,4,0,1,1,0,2,3,13.271672426143205,79.38061516037308,511.3587159748427
5,55.29274940628931,1.2864657622317233,5.642757124410953,3,15,217,1,1453.2270783126437,6.690550933248957,4,2,2,0,1,0,2,28.86624489971838,39.56295153720967,679.7880661704421
2,53.59752248322479,1.04226980857645,3.4083340905517434,2,51,16,1,733.1011401424053,6.054784641013451,1,1,2,1,1,4,2,13.32683240132354,19.180935677568108,472.9526402037331
7,34.026598946572896,1.4829271406019404,8.51932203167975,2,34,111,0,0.0,0.0,3,3,0,0,1,1,3,19.130295498930955,77.85062634343561,629.1742480986336
5,30.981065558652304,1.2486804541417325,1.1322404978945846,2,66,90,0,0.0,0.0,2,1,1,1,1,3,3,15.091982064662854,78.88977529292153,505.05832429275625
2,48.402512697355085,1.3757363945440528,4.411846438047426,3,64,87,0,0.0,0.0,1,0,2,1,1,1,1,14.905503612044525,23.092987966710005,354.5631180037236
1,57.52815961946551,0.892767270919294,4.0361099209218345,1,25,162,0,0.0,0.0,2,2,0,1,0,1,1,9.83446524697638,70.53626661181195,255.93371352175717
4,44.486701255487546,1.4034101375908357,1.1739486782584092,2,23,173,1,1315.337423813888,1.964280095145914,4,3,2,1,1,2,2,18.426988519939748,37.32963283357242,433.4232751734351
4,45.00644413144649,1.445930033359376,2.119315591004592,3,48,169,1,1333.7509543546455,6.869592781176845,2,0,2,1,1,4,2,26.23510637418017,36.695792514070014,768.7225892023869
4,34.79926827810995,1.1409433431732552,4.722784074267717,1,37,245,0,0.0,0.0,2,0,2,0,1,3,1,6.23712533884677,28.388834232783115,379.7561869443057
5,51.93225266171779,1.2243770564256842,5.43578126002702,2,60,166,0,0.0,0.0,3,2,1,1,0,1,1,27.23066484158554,13.129719218842755,553.7102889838623
1,31.54653119951332,1.3353668606320968,4.638607725293822,1,58,89,1,1114.3810728223457,3.1847263410490325,1,3,2,0,0,1,2,21.636824128432487,28.76062885796565,401.0777660023315
5,36.32877327414853,0.9223870390822888,5.778439105708845,2,18,48,1,536.1172186195804,4.836318528724588,2,2,0,0,1,5,1,20.41845201437257,13.764383373313642,441.9184525162235
7,39.89027535157459,1.1517962535244095,6.356185074151134,2,67,189,0,0.0,0.0,2,2,2,1,0,6,2,20.64750582309981,74.70604324519743,704.4749799476164
5,42.76636325395593,1.0790641194406192,1.089314390150521,2,54,37,0,0.0,0.0,4,1,2,1,1,5,3,12.406745898861736,56.320447067491,536.1652969762702
1,33.48434063452781,0.9024617945135744,5.176856435081535,1,31,150,0,0.0,0.0,4,1,0,1,0,6,3,15.378612596707192,72.0635855011474,291.9363351157701
1,29.019288865872124,1.057274095604072,9.671493167988295,3,41,149,0,0.0,0.0,2,2,0,0,0,0,1,24.982250147605367,60.21034770293994,300.35125784134806
7,46.37170148545714,0.8477206165698455,5.671290521165939,1,78,131,1,635.3086634862791,1.2435142728081705,1,1,1,0,1,5,3,12.65952592340724,19.190080975784745,649.4574724652593
1,35.10206936340895,0.8180683348646409,7.097880407130579,2,78,176,0,0.0,0.0,2,0,1,0,0,2,3,16.75050523931742,75.84070757147086,395.4340138385825
1,45.34333774979143,0.894616402408376,3.8067747212519487,1,51,58,0,0.0,0.0,2,2,1,1,1,0,3,5.490806784691333,72.9925137542937,297.1437611643174
4,30.40269503459708,1.4741805781124215,7.965922403374863,3,62,200,1,614.276721388192,2.7854242986448927,3,3,1,0,1,7,3,23.338958823387667,34.3653254530725,577.300338210201
7,41.839903564918615,1.184670675126512,7.956293336885036,1,68,67,1,836.3252076620431,5.735743928062628,1,3,0,0,1,3,2,15.44255441696514,17.807333824617356,805.3494123088142
3,43.6406301393055,1.476075512807254,5.69166442888725,3,48,198,1,1232.319222301611,1.1872813620324854,3,0,2,0,0,7,2,18.133969211840096,59.290832555221165,514.3077505903365
3,26.81382378878494,1.1027485148310925,9.784124409512922,3,24,214,1,606.4756366915922,6.801193301760362,1,3,2,1,0,3,1,7.867232945268966,60.985291191570575,463.2619627066852
1,36.78114973678722,1.0182712931596818,2.1299519328638805,1,38,129,1,833.9566087528314,4.159569655538736,1,3,2,0,1,3,3,29.79285571968592,72.77803313884951,384.4084285470837
3,29.704513692864097,1.1542993039881708,1.152528984006229,2,12,48,0,0.0,0.0,1,2,1,0,1,3,3,12.561695674621149,13.685903161575595,222.43815259611503
3,27.21812396654687,1.1076581820430371,7.931423905813864,3,19,215,0,0.0,0.0,3,0,0,1,0,5,3,20.874741539911252,19.91926866191603,279.1945008759354
1,59.64860813364808,0.8739652789832207,8.264399836283943,1,38,231,0,0.0,0.0,3,2,0,1,1,8,1,19.530908621361636,51.87741550154277,475.5517430495677
3,36.282384574115305,1.2485784202831445,2.0818650620851864,3,44,246,1,1406.778377832837,6.936097084252236,3,0,0,1,0,4,2,24.62730509812476,53.339208560905774,595.3136888691141
5,53.34560560491222,0.9512267277567198,3.390245496627455,2,15,125,0,0.0,0.0,4,2,2,0,0,7,3,12.345923890549011,12.35267636205044,403.13233886351713
2,33.912422916731735,1.2337115684284807,1.1579712702996603,1,21,222,1,908.0613467126324,4.929442738887154,3,2,1,0,0,7,2,23.89818362493093,37.78524357431608,378.3784349309227
7,48.85259527783752,1.2551407646787074,3.639777497025082,1,47,238,0,0.0,0.0,4,1,0,0,1,3,1,14.562543267143358,50.89132118932344,695.5911860342424
2,51.60797509613903,0.9064173971900538,7.958276865268044,1,28,158,0,0.0,0.0,4,3,1,1,1,8,2,15.279024146158728,61.65379332062137,498.3016343781061
1,45.84735592127455,0.8429447389774678,5.6616447494132105,2,76,110,1,965.3441517863756,2.475998441840771,4,0,0,0,0,8,3,21.81781316216925,32.130548424483,388.2216134564436
4,41.505166599255546,1.346533110247908,4.132860338514593,3,17,167,1,813.3124225138827,4.192520943628068,2,3,1,1,1,4,2,24.60714429351172,43.8732445115289,518.3347233992392
7,39.4144319951544,1.1218602966385245,4.345653654156973,1,17,47,0,0.0,0.0,2,1,0,1,1,5,2,21.671665903013977,66.98384106184065,580.6075466054191
1,37.21038932900483,0.8407146568538331,1.0121826314392135,3,56,50,0,0.0,0.0,2,0,1,0,0,4,1,27.4969880142788,76.77265447284184,220.0924832526497
4,57.53352004867391,1.4964064220188371,3.698204748087123,3,13,42,0,0.0,0.0,4,1,0,0,0,2,1,12.128975737751684,26.122027277289185,464.5954873364586
2,54.07167927257052,0.8404463926974567,6.818128674741375,2,60,97,0,0.0,0.0,4,3,0,0,1,7,1,27.51541830254873,27.712954407392736,490.8241753029323
1,58.77594187332794,1.2865246602009872,9.767749994347216,1,76,182,0,0.0,0.0,1,2,1,1,0,8,1,8.271588148584467,75.78727312037128,580.3439302079935
7,29.350402821994063,1.4885752476843894,8.623547442855095,3,54,215,1,672.1793871793076,5.428904529050138,4,1,1,1,1,3,2,21.48825797574952,37.71378055338785,663.5696943437604
7,50.58036163212755,0.967426072951148,1.212354681809762,1,17,176,1,753.3564181632098,2.1348321779604404,2,1,2,0,0,8,2,18.69076628450444,60.28438271645199,583.6150961901046
6,57.841915988736325,0.8995745580810374,9.087045442073554,1,25,123,1,173.79370579481457,4.44095058334586,4,2,1,1,0,8,1,17.365898510389734,52.85856601109133,706.3864658994565
5,31.343157315798106,0.8849694575957002,8.048785719687633,2,76,217,1,152.59272136157284,2.291462923005722,4,3,0,0,1,6,1,12.772800721554455,29.991137585583942,522.813866567955
3,27.327369357837213,1.012292603297317,8.023385112138824,1,18,79,0,0.0,0.0,1,1,0,0,1,7,3,17.593318632705856,55.74935553706175,423.51809297262025
4,50.939222725152064,0.8707320677074527,5.121961831032143,1,69,184,0,0.0,0.0,4,3,1,0,1,2,3,9.04433390961758,55.88961306698813,554.5064705249561
6,45.10655896129691,1.2845129391858925,4.582047636590525,3,24,110,1,812.1883779027734,4.110957849653443,3,2,2,1,1,4,1,14.23302360529189,51.47102297863534,680.6870412060723
3,54.46400718653952,0.8436042586910439,3.7262415594987335,2,50,204,0,0.0,0.0,1,0,1,1,1,2,2,7.467022937096935,16.9762577394659,353.6151168526393
3,29.892033181920134,1.156595489704853,1.591253730589292,1,31,142,1,1142.651024281891,2.404346650104995,4,1,0,0,0,6,1,19.29616499465799,79.66202756618264,329.86933349708977
1,52.83435591509616,1.4976877976970835,3.054118271443292,3,33,26,0,0.0,0.0,4,3,0,0,0,5,2,7.394197154990674,38.02915228195792,227.1628587308008
3,32.056956201671056,1.3697791886542132,3.2194327148022217,2,53,195,0,0.0,0.0,1,2,2,1,1,2,2,9.008616097629142,54.67756897778922,394.8301321871256
5,30.727958000299655,1.2306536067617078,5.356693627391814,2,10,207,0,0.0,0.0,4,2,1,0,0,8,3,7.136670037187033,72.00331858788334,395.9957675341655
7,30.749302927584758,1.0143775345506283,7.726999659370246,3,19,191,1,500.79180695671727,4.201701587855265,2,1,0,1,1,0,1,14.532765998801947,39.63019418938855,476.3522364767869
6,53.51011520809837,1.236727085404147,5.26428845558152,3,65,221,1,446.4481737264049,6.664247669685564,3,0,0,0,0,2,1,26.048961360458712,64.1747539763884,766.1767974028766
3,48.281902724367,1.1689290247381563,1.5206000450244457,3,59,235,1,1003.3327023746644,3.3776635749502035,3,1,0,1,0,6,2,27.67240979084569,78.02770972755842,503.7970064550224
1,43.30728986691918,1.09825836872326,9.620108208893836,3,21,157,1,1011.3604433059623,5.163180053970367,2,3,1,0,1,2,1,6.797236365000335,35.12543321771338,361.84448872698846
5,37.55906694432259,0.8914972637181396,9.48451887184701,3,69,163,0,0.0,0.0,4,2,1,1,1,2,3,20.863753521540676,38.36886991629157,513.3872107456931
2,55.70201892845879,1.4206229506683266,8.066705888335676,1,35,194,0,0.0,0.0,4,0,2,0,1,1,3,22.109635614801835,73.3903241297598,478.4970189618088
7,38.73557875979224,1.1148492541749258,9.921951114077984,1,50,213,0,0.0,0.0,3,3,0,1,0,8,1,18.3442485608006,21.17500074706281,697.4605724965576
7,53.5809803815052,0.9362357582745356,5.900340995202367,2,45,112,0,0.0,0.0,4,1,0,1,1,3,1,21.67462153673865,12.001638685160962,593.1086610170531
6,40.369721799957645,1.0574315456141028,9.664915152278857,1,32,85,1,1472.0076484755436,3.824709982076244,3,2,2,1,1,5,3,10.842267886077382,73.62223033943783,840.5988527179887
7,38.193055029871765,1.089890826770249,1.680445365550757,1,52,113,0,0.0,0.0,3,1,0,1,1,1,1,17.2411052954754,67.51141018823063,547.6765494525915
3,41.193792498436224,1.379276526896812,4.291126734352342,1,15,248,0,0.0,0.0,2,0,2,0,1,8,2,14.771896225895713,78.08081227859324,485.9026199316226
1,35.548225595744974,1.3135300663929814,3.0284314120608924,3,78,241,0,0.0,0.0,3,0,2,1,1,6,1,7.242698785990776,14.076644789747478,384.1233165225845
7,51.16632830616879,1.3385134255489377,2.7624977572084304,2,52,246,1,825.4880250555292,1.253202811487791,4,0,0,1,1,4,2,20.638910993062225,20.932413130869108,729.8780857136185
7,42.59521365323677,0.807721885100053,2.267226540034085,2,34,123,1,152.54012054452437,3.9777707530038384,4,0,1,0,0,6,1,17.380379816788654,17.37187913628662,415.27708414695246
2,33.1274443301386,1.091307798725833,6.60172277409397,2,27,48,1,896.9222969280272,4.266767992895011,1,0,1,1,0,3,1,11.87935067256458,57.839129260559645,399.0442635250215
2,56.4851100646099,1.1369409061447264,8.031896701725746,2,71,75,0,0.0,0.0,4,1,1,0,0,6,3,16.842131510084286,52.42070516230002,535.1450908594717
4,38.4361927480624,0.8134345937761397,6.204685594783246,1,22,54,1,1455.786782700571,5.562787637656401,1,0,1,1,0,1,2,24.382450459937576,35.15346395710817,533.4365581693149
5,44.0243501389896,0.981869246121524,2.322664386293887,1,52,212,0,0.0,0.0,3,0,0,1,1,6,3,25.0414440702016,14.019643558157153,442.3404274071948
3,56.72652388375914,1.3322028761854945,8.300113929401238,3,37,55,0,0.0,0.0,4,2,2,1,1,3,1,21.238153218734222,54.77633888325786,502.10174286169104
7,46.84832985698972,0.8959767940102994,6.723592364473556,2,27,195,0,0.0,0.0,2,0,2,1,0,3,3,16.693695835004092,49.90843395805396,571.0420205780113
7,29.09143142479274,1.1747170920168142,4.493491355142959,1,68,94,1,1043.0537647953731,6.252179439404564,2,2,0,1,0,0,1,19.3937409800962,17.9032247742431,670.6636087508001
1,57.894124326471626,0.9506413104120665,7.067172659824567,1,69,43,1,190.8589913537733,5.226961818470109,2,2,1,1,0,2,1,14.625384283890428,73.62367931315998,466.78108280980393
4,46.969781857499626,0.8084845422507253,3.3391448131854955,3,72,158,0,0.0,0.0,3,2,2,0,1,4,1,8.163908574855956,23.92647967703934,423.27350345747294
5,36.721696512998015,0.9688410203196792,4.106729876447894,3,66,185,0,0.0,0.0,3,1,0,0,1,4,2,14.640514934652296,62.04564065006995,413.64204585975335
4,29.874522543218557,1.4831116284370376,9.257372588187913,3,60,86,1,757.7260500281542,6.097601049894749,1,1,0,1,1,1,2,18.258318901740857,71.95531037800637,579.3628917736141
6,52.790881624460354,1.3610759783180928,3.614540551042784,1,65,245,1,737.6518008089064,3.880809637830239,2,3,1,1,0,3,2,19.9708503662646,50.5632493485596,817.8387363256279
5,46.70254645749797,1.4717036510247232,5.229894413421429,1,36,180,1,915.0027239406388,3.2392442146307614,1,3,0,0,0,0,3,28.39502440136552,27.27942337087759,616.0568942744204
7,43.67113821917125,1.1414978307484538,9.011270236564132,3,41,83,0,0.0,0.0,1,2,2,0,0,8,1,24.433336125765404,31.647396233759896,625.7701477447148
7,56.28624040678352,0.8768153390742525,7.369492152407747,2,18,206,0,0.0,0.0,4,1,2,1,0,0,3,8.799814036116933,72.00232736031826,579.7462762730639
5,52.60090239285857,1.183571642281585,1.5598290354823248,3,77,150,0,0.0,0.0,4,0,0,1,0,5,3,9.354555166323202,30.878000946353925,537.82255838128
7,30.30862079064629,1.1180641341919726,2.325727398510733,3,55,155,1,1262.2840380840669,6.405446381601944,2,3,2,1,1,6,1,7.512368980993851,62.2333338322113,777.3462908038862
3,35.91027237284419,1.3910499579177311,1.0705743169472512,3,76,15,1,1029.617119294643,5.045121692977683,3,1,0,1,1,2,3,23.454543180522943,79.31156485787837,553.5698062539416
5,33.6971198935063,0.8686578065489713,6.678296112062471,3,35,164,1,573.7150122953021,4.799613504024934,4,0,2,1,1,0,1,22.653056962296425,79.98717035538745,445.1696833184925
4,51.038120240043696,1.1417687959152447,5.029060828693765,1,17,148,0,0.0,0.0,3,0,1,1,1,6,1,29.659072542422027,47.3435823788532,516.5446526294971
5,26.17363521575228,0.905034065285789,2.20847365812048,2,15,206,0,0.0,0.0,1,1,2,0,1,2,1,18.05058544160872,67.85890577502684,313.77477816694073
7,44.94613897049608,1.027273148823042,9.621407089510932,3,33,144,1,393.0877591377383,1.725763973430954,1,3,1,1,0,5,1,25.66037322122205,79.31749075448397,686.4546132089285
3,51.68605400092417,1.31614995417146,5.766937515510579,2,57,241,0,0.0,0.0,1,1,1,1,1,5,3,19.41099646606969,36.22710228893875,549.5679549875317
3,55.68679728666123,1.1332126905581366,3.1770396470160027,2,54,36,1,1137.8321916910672,4.16386537385436,1,3,0,0,0,3,3,26.852167813185925,27.66867095492141,506.2149315506596
6,36.97286120505676,1.0631217996020386,5.505432140392368,2,22,76,0,0.0,0.0,2,2,1,0,1,5,3,23.025525982568787,17.996334908952825,447.9885489982161
4,53.74400566352045,1.0761333949990246,7.11658299461597,3,78,146,1,1455.0103923318975,4.532861620937339,1,1,2,0,0,3,2,21.07210037478132,19.862974665118827,674.7457828799439
2,28.872110793432253,1.1216127378841907,1.6861529617620803,1,34,157,0,0.0,0.0,4,1,2,0,0,7,3,19.12806677457626,69.74894545344642,313.9735007823509
2,54.62583021070814,1.34951158068594,3.472334335431028,3,29,44,0,0.0,0.0,1,3,1,1,0,8,3,23.07426311107437,51.21061632149518,396.6179101091181
5,29.462103181619383,1.424459282258164,8.262689417955944,2,75,145,1,842.0732748973331,2.048720290270948,3,3,0,0,0,1,2,15.49134606677526,71.159642277474,586.8223172677726
6,38.90505516961285,1.46873428055275,5.136983833623951,2,54,205,1,138.9774717676208,6.9226005155447,4,1,1,0,0,6,1,7.414414517641603,65.26185623225179,649.9139663385336
1,52.90533780228438,1.3508323703787066,5.919194278290654,1,56,61,1,445.31902558268894,4.366901274611046,3,0,2,1,0,8,1,5.99965321994602,57.16212410336124,497.96937041697777
5,30.247109957207083,1.0207848270236088,4.895344019885224,3,72,163,1,743.460652426097,5.124621165645204,3,0,2,0,1,8,1,16.975593290229348,52.65185343348025,626.8868866178987
6,33.02379883314245,1.2816942942605796,1.395099483787046,2,64,99,1,979.905460116995,2.952509684095647,2,0,1,0,0,4,2,19.98228955550353,13.383723292466506,523.9299999896333
4,50.27883989375732,1.1063221868387745,2.491748018381404,1,28,211,0,0.0,0.0,2,2,1,1,0,0,3,6.971225764265636,71.05926372022346,413.5034404575
4,50.2012787791126,0.978269435432236,5.009874748677018,2,44,51,1,1139.690385554367,6.85522517670122,3,2,1,1,1,5,3,12.172588722802557,39.24894431758,648.2605548823615
4,47.4401671509854,1.3886101055981457,2.8826691886713505,1,62,18,1,491.6737032418572,2.717554212299099,3,3,2,1,0,7,3,13.050805149387177,49.18507999499744,630.498584983148
4,49.2881955563485,0.8268984442736276,1.4498112579371083,1,35,108,1,890.9336507134625,3.5428491110414453,1,2,2,1,1,0,3,19.06988838020628,11.53674513139145,375.9639684823286
4,43.99535551716586,1.4312333944947966,8.592846976466413,3,23,43,0,0.0,0.0,4,0,2,1,1,1,2,11.962061401069729,75.52514513039509,461.8907272422298
6,33.81296706174335,1.123034225237314,9.830732762477044,2,54,6,1,679.1317330164898,1.1481837861166675,1,1,0,1,0,0,3,7.391214988900167,73.1918322764401,596.2848197768785
6,37.09935977263718,1.2460410337657963,8.138285865970655,3,53,248,1,1150.2251661364414,5.861554783103721,2,2,2,1,0,4,1,9.121418523663753,48.029462094267394,742.7073324075219
3,31.3559200880499,1.261547745544048,8.684064295342004,2,74,171,1,1070.7611948006615,4.2194691401717215,2,2,2,0,1,1,2,9.348695040104827,50.41181432178502,591.7508466541793
2,56.79576964667699,1.4265824184945757,3.1777941728534085,3,60,116,0,0.0,0.0,1,0,0,0,0,3,2,26.06737360556904,59.35120486824421,444.05547529521846
7,45.41871281681422,1.2456687775170452,9.645642779618798,2,52,67,0,0.0,0.0,4,2,0,1,1,0,1,12.107992174457287,28.528642750530505,721.8630479681242
4,39.02979958672739,1.2297535093320433,2.772331340080856,3,32,33,1,797.4650188435708,1.9749904928466488,3,3,0,0,0,6,1,22.867293347868923,25.53409358993118,357.505549355286
1,41.17020312754464,0.846656428392483,9.562868293256493,1,65,193,0,0.0,0.0,1,1,0,1,1,7,3,19.19596865848264,57.18160626211429,490.94535253862455
7,58.15491688641354,1.162885615361643,9.95337364569356,2,28,68,1,716.8443596828446,5.116145343615346,2,0,0,0,0,4,1,29.42596884041105,17.30957123112357,803.2489116423654
6,30.36729910906281,0.9051183005719292,7.405505251714438,2,64,54,0,0.0,0.0,4,3,0,1,0,1,2,11.820566722005056,41.78434033063665,498.094632114553
1,45.5180441205879,1.31620363810504,9.830293586126396,1,69,9,1,1057.8927052638812,1.3936045896701772,2,0,1,0,1,7,2,8.959325513230006,44.49322967993631,544.3354281230922
1,42.70610376095631,1.158555344568872,6.125858016103933,3,68,223,0,0.0,0.0,4,3,1,1,1,0,2,6.3009459423640095,36.69358838406176,275.11394695630213
1,46.40089824021267,1.2761594454458474,3.335876048584813,2,42,41,1,384.915551664641,4.434446355806591,4,1,1,0,1,6,3,11.023991557032012,22.96877229884143,345.2314239443695
3,25.633856433729417,0.8291710304216691,4.932962970990587,2,28,40,1,1322.7055649780132,3.42711714674941,4,1,1,1,1,0,3,22.10177216038481,34.87213850277483,333.27439268585783
6,55.5243368130453,0.8593544112320622,6.342048418409074,3,37,204,0,0.0,0.0,1,3,2,0,0,5,1,7.1314556159215154,33.6290077492315,568.9235496793459
1,57.62413988692644,1.3014263716438776,1.6577340582431348,1,61,230,1,1344.038992612013,2.3008856555746497,1,3,0,0,1,5,3,11.117546128741465,44.94859722541253,425.48712396508927
4,44.77966142562231,0.8504590351990714,6.601089381555215,3,58,196,1,560.703291245019,5.017667539225106,1,3,2,1,1,4,3,26.3827092046003,57.22765891049636,564.6709706956486
5,49.38277883569123,0.849879709435681,9.83060053086065,3,46,121,1,540.4226867796931,6.824008166763223,4,3,0,0,0,1,2,19.57382373411301,77.77645864683194,568.4418155965643
1,57.28747834120535,0.8084759326644213,2.7109688480535485,3,35,137,1,816.9240073781295,2.054291475020955,4,3,0,0,0,1,2,6.738038506329886,20.091428212202977,198.0011431902474
3,49.75335220096895,1.469550978809636,8.13335604659545,2,49,9,0,0.0,0.0,2,3,2,0,1,8,1,6.192078606244082,71.11119769587573,670.0254632732077
7,30.33886650199915,1.316255851621305,9.171089144016577,1,47,101,1,166.89391055396752,3.545110334475857,3,1,1,0,0,4,2,6.528071883144172,29.892460027318368,657.8900118721132
6,45.17009260583846,1.0472759859514449,9.493314335381989,1,63,218,0,0.0,0.0,1,3,2,0,1,4,3,28.54687625368132,51.39609390009839,725.8508283454481
3,46.23502662339996,1.0075749069013586,9.641220439649024,3,31,187,0,0.0,0.0,4,2,2,1,0,6,1,26.24678571402637,48.27158635887076,470.00354362216905
1,39.84457349558351,1.0447922608220948,5.693136748493248,2,25,127,0,0.0,0.0,2,1,0,1,1,5,1,26.12350105046937,48.986389303978406,290.0148688509723
6,50.7755482468653,1.3422574718268274,9.795771171923532,3,37,178,0,0.0,0.0,2,0,0,0,0,1,2,28.10541905608865,60.6351028203169,729.7627770943435
5,57.70284551691552,1.2629594277492902,7.81579186420995,2,44,148,1,694.7118538639764,4.260435113189585,2,1,0,1,1,0,2,17.63138475627276,36.718181402429714,740.2842305089611
1,57.39489795173717,0.9296368975072276,2.455042926132657,2,69,135,1,639.7735020883371,2.8285654767839548,1,0,1,0,1,4,2,11.1836167785836,32.3369974265799,336.7201582001579
3,40.77937799914462,0.9218765347338592,5.29210095821173,2,54,192,0,0.0,0.0,1,0,2,1,0,3,1,15.033700105962954,69.6984201229834,430.4742646071249
2,28.963331604426436,0.8688769547993782,7.464980578348036,2,55,91,1,1166.708126040336,1.515462329216923,3,2,2,0,0,2,2,22.97160182209527,25.40665281919892,404.95586208422617
4,59.46944196368171,1.2622119037909367,3.22606284237175,1,64,112,0,0.0,0.0,2,3,1,0,1,1,3,26.900821788031628,22.61722261178001,549.7842658841646
7,54.361433025607695,1.3350608635552152,6.765536651939986,2,35,230,1,1483.7187934101996,2.177405690127133,1,3,2,0,1,1,1,15.877273167488108,11.09252056586826,779.5517832312042
3,29.36319384211434,0.9855324998275028,6.999404311419573,2,34,77,1,751.3885437862926,5.140452125132787,2,1,2,0,0,3,2,18.38452388455153,24.740444742043078,431.921071629576
6,57.22946589160803,0.814661472721639,2.464297694277093,3,74,84,1,181.5329631483853,3.3422586762817232,4,3,0,1,0,1,3,28.29457483190633,46.29720033216959,543.6509346562966
1,55.44637267217449,0.8575201672334992,6.085767812074806,3,15,29,0,0.0,0.0,2,2,1,1,0,3,3,7.687465927735727,47.69562111098795,200.43486957899765
4,43.15933199941252,1.4775020243915211,7.944642198807469,1,32,212,0,0.0,0.0,3,1,0,1,0,2,2,26.5574804243531,27.809434383687403,578.1869339439517
1,45.69464025107253,1.0068113442341942,5.490060980823477,3,73,48,1,319.66367380456813,3.20625104876526,1,1,1,0,0,8,3,8.982687056298397,15.059191902883988,303.6652274848007
6,38.96509463545456,1.3384562034866936,1.1089280509849668,2,52,8,0,0.0,0.0,4,1,0,1,0,6,1,17.096533757265505,62.12485574416444,532.1497794353004
1,26.916657358771097,1.2372644981979848,1.0813462217136296,3,32,144,0,0.0,0.0,1,3,2,1,0,2,1,10.46057821657649,63.05827439936098,218.5385318115126
2,36.731903457606535,1.067357747757027,4.21326409573011,1,39,68,1,475.60208059888174,4.98240616416363,4,3,1,0,0,7,3,20.073690767265106,79.8485477404093,427.6904396408926
4,53.0998707009304,0.9439810835368886,9.335746615886038,3,27,57,0,0.0,0.0,2,3,1,0,0,8,1,18.96433554270665,73.00206993743024,512.9050964386736
4,25.1621208051611,0.8849704927115846,3.058091016432479,3,30,184,1,1110.028819953401,2.717345843439966,2,1,0,0,1,6,2,14.500184106018796,74.82434451623497,399.0051449196522
6,36.67247100919005,1.2305090776272067,6.709273199845184,1,66,61,1,1417.7905004695172,3.760615759346128,3,1,1,1,0,5,3,26.58258787112811,65.87426780207593,741.239365604171
7,38.935904275683015,1.3422436464464516,2.998682836239885,1,32,222,1,1334.2894888455749,2.160683368071625,3,0,2,1,0,3,1,21.49533300720149,53.08519973677494,667.4048248847804
2,43.8088461028273,1.2507329774787914,3.8950299069359375,2,54,51,0,0.0,0.0,4,0,2,0,1,4,2,23.03012812404859,18.998217032315736,389.2867294790483
3,57.19494657444662,1.1712114932744109,8.632378806413357,3,53,188,1,1184.5136677102246,1.1382825304396444,3,3,2,1,1,7,2,8.766493455191714,53.56193082191144,626.5462916867117
1,37.12210980280864,0.8293658564021454,7.559752980429522,2,56,39,1,887.002655358619,6.380479299446468,3,1,0,0,1,2,1,27.07914194939044,13.916910229023864,445.4477254499586
5,37.14336206636797,1.4779421443160683,1.858593495818896,3,49,165,0,0.0,0.0,3,3,1,1,1,1,3,9.17600409050046,71.97093778898346,508.9025108332392
1,50.81254368384119,1.3590999341582022,4.858318188877902,3,60,170,0,0.0,0.0,3,3,0,0,1,2,2,10.569624105249003,43.72749347899382,334.7671581294159
1,40.827627931143255,1.004975425690675,1.26252787280738,2,51,62,0,0.0,0.0,2,0,2,1,1,6,2,8.20137846242201,58.82309823830602,293.39875464977285
3,32.86116880289937,1.4859792305511954,5.328011319427081,3,16,146,0,0.0,0.0,3,2,1,1,0,7,2,16.00898019922039,13.65705645871748,324.46551023295126
1,40.83538306464427,1.2213171127454254,6.9619061053096125,3,59,227,1,476.4061629706093,4.835577299088177,2,3,2,1,1,0,2,27.192730793807744,47.39738960459778,382.5491523361274
2,29.929995713293,1.2076958607450723,2.066523612383364,3,57,49,0,0.0,0.0,2,2,1,0,1,6,3,11.311187990246488,31.088437849735374,324.12658002184065
2,31.173544527717816,1.3236512256006725,3.5999644501824912,1,15,160,0,0.0,0.0,1,2,1,0,1,8,1,14.34383551057383,29.9477786016072,293.4215804328316
4,42.44287204588179,1.3682388516630963,4.580529629519413,2,18,140,0,0.0,0.0,2,1,0,0,0,2,1,26.15166050188555,37.275914029222776,437.8851700674808
6,39.662390732659176,1.2595350251320518,9.275779221904449,1,66,77,0,0.0,0.0,2,1,1,1,1,2,1,20.44538199397223,10.044762260237444,680.0105605178318
7,57.0196065373835,0.8896670224563401,9.939295138806676,2,40,247,1,854.8713117782402,5.247686960207134,3,3,2,0,0,7,2,23.79040984115692,42.66626172041215,845.5222396023227
5,37.68378646908216,1.036787254196149,1.4042016909605426,2,30,96,0,0.0,0.0,2,0,1,1,1,3,3,10.350001235902871,44.05966785255568,410.54272623799176
1,45.32059225973152,1.4496585482282347,7.849071311458529,3,49,189,1,777.8983950866983,2.536127038369078,4,0,2,0,1,7,1,22.91224658331439,70.41916410873449,479.74063436131297
1,47.12925007718356,0.9572309282906964,4.3455165976210886,2,54,220,0,0.0,0.0,3,3,0,0,0,4,3,10.690264466044312,41.39679255177377,264.2519103905187
3,25.45830598059168,1.0605169166862594,4.5321236760653205,1,58,42,1,872.3631549290463,1.697642081757284,3,3,2,1,0,2,1,29.682849555266525,35.4489405707371,412.4173017245886
6,48.22380802058487,1.1024538180609371,7.788384760123204,1,29,176,1,1277.534638862542,4.218462298480183,3,0,1,1,1,3,2,18.99715390316843,79.63229359537243,821.6472558196351
2,31.2312588404413,1.1075834927861166,9.265837889308678,1,26,35,0,0.0,0.0,1,2,2,0,0,3,1,22.390981451078424,49.98493272217474,407.341033071098
5,58.63746111143093,1.229057707746168,9.558357350522936,2,37,121,1,702.4804431647015,2.6072414969046447,3,3,2,0,0,7,2,7.96003960353757,43.08292460438976,778.3041287374308
4,30.203195471358956,1.4601530864212957,6.194103274344887,1,50,107,0,0.0,0.0,2,2,1,1,1,5,2,11.266399501039238,44.71550841838656,517.9498865809709
2,39.51184433044583,0.9684848982827536,4.214090433704525,2,75,9,1,1369.3146157327983,6.228001554041695,4,3,2,1,1,6,1,8.493516489108858,66.64269082561636,629.3046666560559
6,27.987238382752537,0.8850509634106427,8.087941772729014,1,34,94,1,367.7389807065699,6.99342819857846,3,3,1,0,1,8,3,14.754267881793076,33.847345827911255,610.6492259403451
7,59.89059881460816,0.938229342901956,3.2590124493607022,1,67,5,1,961.6004810460972,4.646576612460547,3,2,0,1,0,5,2,12.103396605134964,37.24123238801619,770.958717678915
4,42.57682536159349,1.4208474301464886,6.07666625950166,2,50,56,0,0.0,0.0,4,2,2,0,1,2,3,23.32305649076423,62.911135153622574,559.724795506725
7,45.838475606201534,1.2520675688586442,4.227206153723858,1,15,128,1,157.5153109377774,2.3512426012972094,3,0,0,0,1,2,1,7.717724490703779,15.108861772963865,550.1635229532213
3,27.34767670859496,1.000134752467412,6.909679663370885,3,47,70,0,0.0,0.0,1,3,2,0,0,2,2,23.801484211259208,70.56184107002811,356.3690768401466
3,51.24861646397122,1.371162857278032,3.163590216041562,2,15,185,1,471.3199315037445,3.876729868898594,2,1,2,1,0,1,3,6.142620615964687,40.1141887527579,415.5482408872782
1,32.346695758345504,1.4029589974544052,2.724336511613432,2,54,218,1,1060.5276155208817,3.203666207684256,4,1,0,0,1,0,2,10.05044593305981,50.69050828539539,317.501727476182
7,56.43190013042498,1.3925600370831948,9.264151780078931,2,23,20,1,1428.3066967686857,6.482887135749666,4,3,2,0,0,0,1,24.799124799115077,63.02333114818846,964.309769391296
6,32.17988741687025,1.443248573547688,1.916233146545832,3,75,91,1,475.2660623300928,3.209772805934257,1,3,2,1,1,3,2,23.56941602769737,28.623634570754135,614.1215760984795
5,31.67407022322833,0.9765687141213532,5.5536211696143845,2,49,126,1,1236.0523148123546,3.240667546872613,2,3,0,1,0,2,1,16.908152847971586,72.32199458244557,508.78448593686505
4,26.27923837468332,1.3285293501223947,2.9876750466670803,1,12,79,1,177.50374371377333,3.301207074603861,1,2,2,1,1,4,3,6.249567876938795,78.54574805796275,404.0774457404023
2,41.52234307884997,1.122377648091898,1.350369669931007,1,33,55,0,0.0,0.0,2,1,1,0,0,8,2,20.247343541732484,44.59920529842872,323.59221206365896
6,44.76943966419157,1.3893989870230432,1.3241693646228376,1,28,237,0,0.0,0.0,1,1,2,1,0,7,3,15.16810259935246,75.58561555228714,625.8821238356703
6,27.29980237999233,1.3099434740131293,2.576995948952446,2,27,214,0,0.0,0.0,3,1,2,1,0,8,1,12.913203754949244,10.079003576888791,400.9287539179449
3,52.14346658432537,1.3435132125498073,8.800933190554002,1,73,115,1,1172.8917927803463,3.004858134303173,1,3,2,0,0,4,1,21.010265920663358,72.59664807448698,737.8656410827898
7,40.86510921618097,1.25931328637675,3.54230869579324,2,44,147,0,0.0,0.0,4,2,0,0,1,7,3,15.915364055043158,31.77317238259139,586.8486716167632
1,43.3536594264653,0.9242001386287948,9.55413253517766,1,71,229,1,1253.45493427453,1.2301831681342068,4,3,1,0,0,3,3,7.310527511329466,31.804679730932136,472.675371551675
1,40.42669614283798,1.181518843227857,6.234600636902742,3,10,181,0,0.0,0.0,4,0,1,0,1,4,1,27.898761762808608,25.96622053389576,234.5686779555047
4,39.02670713063641,1.4892688176671558,4.929527707918895,3,34,24,0,0.0,0.0,1,0,2,1,0,2,3,24.462327486334477,32.19097308056313,433.0749132983535
3,44.58741159578763,1.4561716465479833,6.220799512025091,3,54,155,1,1099.5411270106802,3.389501409180477,4,1,0,0,0,4,1,6.409454782263811,24.943920858904452,463.2875419092259
6,30.43340860757494,0.8302216150579083,5.65028546703641,3,58,4,1,1394.5220534151456,3.983003684306114,4,3,0,1,1,2,3,18.12659675476739,73.41083744169802,526.8061635814047
5,31.36748456733449,0.915370371010606,7.828986283815927,2,25,119,0,0.0,0.0,3,0,1,0,0,4,1,7.084439072465708,72.93166090493565,421.2915693266895
3,55.16249673547311,0.8922101414181933,3.5424645937556702,1,28,20,0,0.0,0.0,3,0,0,0,0,4,1,25.93224647646213,17.154792044443575,294.96633040569503
4,58.11404117467715,1.3081859369897069,4.177453524402722,3,32,17,0,0.0,0.0,2,3,2,1,1,5,2,20.325349026299296,20.000090020654472,550.7508936240191
4,38.06582606979136,1.3724497308998616,9.046848722799256,2,34,174,0,0.0,0.0,2,2,2,1,0,8,1,9.31122833932671,70.34130473074666,620.8931363398366
3,34.476063560024386,0.9494579564174704,9.518108618353647,3,25,197,1,929.490870846967,3.057799118200469,2,3,0,1,1,0,1,5.518533570155019,37.92564396109222,353.80991944152794
4,47.539984013365554,1.1540968850662805,9.033024047378271,3,63,56,0,0.0,0.0,1,3,2,0,0,5,2,5.789525303660516,21.84901741374948,519.1649693763544
3,39.30569598843337,1.38849211960784,4.775031945615822,2,10,92,1,971.6055569658944,3.636792246150653,2,2,1,0,0,0,2,17.684136801620745,45.746858170559705,441.6728690009025
2,25.88852244811207,1.3129610813363757,8.023289527061936,2,51,18,1,114.06577347676424,3.977936627706273,1,1,2,1,0,5,3,23.359336966919347,39.16676349440665,391.5122533804215
3,30.46534090781666,1.179566043844294,5.287021599709889,1,28,127,0,0.0,0.0,1,1,0,1,1,1,3,8.02101128334898,25.341308761657565,337.50082301038134
7,50.05902800965892,1.2132433833211411,5.477858669314919,1,43,96,1,787.8626046769832,5.071960562961382,2,1,1,0,0,7,1,10.532101647873938,60.4526552794344,825.5590986889189
3,48.062337966855296,1.155852382841396,2.8421209815155555,3,64,192,0,0.0,0.0,2,2,2,1,0,2,3,13.181498629238307,54.19025186329116,445.47862300907326
4,25.94835973762192,1.0082839159231745,6.320172729326648,3,27,236,1,637.0526564972217,6.76850546707944,1,0,1,1,0,5,3,10.451919551528825,16.97631294888084,370.92514104986486
7,32.76902566765323,1.195515395001311,2.6752230797801317,1,43,130,1,694.1208364750885,4.595665106941551,3,2,0,0,0,5,1,14.783414067178969,74.77707000277397,595.3065698650599
4,33.0876178805825,1.2822197114350635,3.984082291604744,1,54,169,0,0.0,0.0,4,3,2,1,0,3,2,18.990375144126904,49.09289760110484,441.8641877050867
1,48.516246025955496,1.4113260411025654,8.695271814579417,2,15,20,1,945.3098602005653,1.656135418656873,4,2,2,0,0,4,2,22.12341870603273,27.51431409444793,345.4349134584797
1,25.689868821402744,1.2454039477854737,2.863682282897697,1,30,226,1,518.4966101376665,3.383747757675434,4,0,1,0,0,1,1,29.094379555180712,24.440427055065445,256.4943770097224
7,28.643800369460084,1.3327850759302104,1.6404245665608954,1,79,232,0,0.0,0.0,3,0,2,0,0,7,1,28.271091742079864,19.51635869605411,578.7775310630437
2,52.99706298806163,0.9120501444682012,1.6210683335153466,3,57,39,1,404.77971840012543,4.41689432881955,1,3,2,1,0,6,1,19.25317437072286,39.72461844732455,407.60391083816137
1,31.249063171901675,1.123090232093853,9.46706068452797,1,48,66,1,1452.430042782292,6.166681120368554,2,1,2,1,1,5,1,23.353751411408865,19.48787091635857,680.3379598890459
3,47.84611377481561,0.8065321338789654,5.562283941656512,3,40,152,0,0.0,0.0,1,0,2,1,0,6,1,28.771805115635697,39.10714888166584,355.85081828940497
4,33.33639733663543,0.9726752051651362,4.684708646353165,1,19,126,0,0.0,0.0,1,0,0,1,1,0,1,7.086798613535121,20.41392997638824,317.1384057657529
1,28.48044874657708,1.3085232005791034,8.297907229071265,2,39,236,1,136.17456110801567,6.1019062489455935,2,0,2,0,1,4,3,5.140868996535729,55.97652650667225,390.5179409256872
1,33.51102668498089,1.4942669659445544,8.522433351194644,1,27,229,1,410.49128870696495,2.2771005162301448,3,3,1,0,1,6,3,5.7449940932395815,64.96694151804508,465.4042893267947
2,50.27934261494807,0.8694246697110511,3.989719298040441,1,69,236,1,1192.659593732217,5.012519526698882,4,0,0,1,0,0,3,19.08373405932409,48.46659232659311,474.475375752687
7,54.94937638372,1.0810460211029018,7.242562517264157,1,24,54,0,0.0,0.0,4,1,1,1,1,1,2,24.070835632563355,57.60398123984281,746.6209075888385
7,54.05769525984471,1.3600496780894118,7.940105342666979,3,13,211,1,212.08876354055184,5.997361569323377,1,3,1,1,1,8,1,14.176873768625866,75.68651159588427,861.2160874719484
6,38.90142353664592,0.9428249442402292,6.891856181793591,2,72,179,1,764.2344517823326,1.7505334590184212,3,1,1,1,1,2,1,18.630979368190467,54.68600706994255,599.1036249579455
2,48.382979779972615,1.1885594645116004,2.3643556732008943,1,49,171,1,113.9569286283259,1.7786977943356677,4,0,0,0,0,5,3,17.909157963713422,35.49107387287178,296.9069892320524
3,32.17445033955374,1.3131499072207724,8.882947751653514,3,18,108,1,218.67261619686644,4.340910161669846,3,0,0,1,1,6,2,7.369272289800489,41.46361110724409,388.2451623410314
7,35.26017055913546,1.2311898151821254,5.851850974624078,2,18,97,1,1230.6762173881652,6.678271920150225,2,1,0,0,0,8,3,13.039706605601223,70.2367658250426,772.5797770161164
4,56.37175364823919,0.9316173142307912,3.542251837330033,3,35,212,1,1180.062682803449,3.489986550224525,1,3,2,1,1,4,1,5.48587887955755,19.15042232650675,519.0120038424079
2,25.45506732287576,1.0487691980800176,4.827053668939245,3,13,183,0,0.0,0.0,1,3,1,1,1,3,1,7.767642220162772,32.80159157153029,230.4750592532129
1,27.992798579906385,1.348654249139778,1.3381398135901663,2,25,182,0,0.0,0.0,3,1,0,1,0,1,3,25.29645557274445,50.40960482793389,218.6283798106506
4,32.27601893011096,1.1879585598924116,2.150801211001758,1,24,111,1,1056.4457885357454,6.582691603270186,4,0,1,0,0,2,3,25.735337431207974,57.34726985859041,449.0913734737107
4,25.92862713558369,0.803660729480039,7.8899207546427474,3,61,214,1,173.266000220928,6.021566997067742,3,2,0,1,1,4,1,25.048658001126743,63.44493528021937,479.5893823951889
1,31.350240228142905,1.3326935320196656,1.0001047127982954,3,78,197,0,0.0,0.0,2,1,0,0,1,1,3,23.170466023805915,32.2744757197261,310.81443358589786
2,45.40645463393923,0.8247179484581674,4.749092456340629,1,14,114,0,0.0,0.0,4,1,0,0,1,3,1,24.832821159997543,20.21013938064052,261.1600060114265
1,39.74985927073743,1.3220136479118625,5.702591629770296,1,29,116,0,0.0,0.0,4,1,1,1,0,0,3,21.77455853173796,76.83874467735919,302.3397221524714
6,56.24350988769412,0.9417363921156664,1.4917097800087509,2,27,204,1,811.8706494312365,4.656806580199732,3,0,2,0,0,3,2,21.745833470407216,15.347455199242765,567.7771690243032
4,53.61052466084543,1.4706514360835663,9.757703466750996,2,11,240,1,426.0625741092744,5.923458636003098,2,3,0,0,1,6,1,21.6840449372952,16.70637490508198,664.4749696107247
5,36.963607309425655,1.057558525911459,3.0351279812470477,2,22,86,1,1283.4619659642174,2.7114660538405992,4,0,0,0,1,2,2,17.851069741955104,44.64597793313782,397.8302733871052
5,34.07982017009524,1.0288521314366554,3.737788476726528,1,13,200,1,1118.027933636194,2.4352665282053128,1,1,0,1,0,7,3,14.083680836621111,67.34897197005188,440.1199596917648
3,38.28923428585434,0.9042216352327112,3.735482610295246,3,51,80,0,0.0,0.0,2,0,2,0,0,5,2,23.254881654038872,64.21528744487287,355.73465974088924
7,45.66032298801827,1.0139229508431504,3.073749959056149,3,70,65,0,0.0,0.0,4,0,1,0,1,5,3,12.46615033966854,75.63894863358642,640.1974438319628
1,34.38222742880067,1.4136555332797405,1.0132643987768026,2,17,18,0,0.0,0.0,3,1,1,1,0,0,2,18.572553286940483,19.912180292909188,157.4360265555867
1,46.84521177471969,1.4974340363390732,7.564103146791967,1,76,210,0,0.0,0.0,4,0,1,1,1,4,2,15.833890505447034,36.30090799437052,511.29860543531225
3,39.32940782669341,1.0578166713547938,9.701609498193568,3,72,247,1,1209.5556746698717,4.362092046101941,1,2,1,0,0,2,2,11.915556927342529,29.749949010519707,562.8359224279219
3,44.3216513298193,1.11402744166818,3.0186413495654056,2,18,134,1,361.6702150301654,5.371690940756661,2,0,0,0,1,0,1,29.36724801131158,70.26090864882704,382.08318456017554
3,40.264428519736086,1.3054496567419158,6.967424726230802,3,20,117,0,0.0,0.0,4,0,2,0,1,7,2,11.468791130045489,44.18482341968402,468.55299801674727
4,35.30630158396712,1.4203370463255522,7.677066942628436,3,51,190,0,0.0,0.0,1,3,0,0,1,6,3,12.73232659307575,11.879355409096643,472.3008198453922
6,58.19586574367548,1.2151310339307488,8.635828411814723,1,22,41,0,0.0,0.0,4,3,2,1,0,6,3,9.039687543951706,59.55750847868776,775.5645258435738
1,51.72620279559163,1.0740679887244806,4.803662773122483,1,45,41,0,0.0,0.0,4,1,1,1,1,3,1,25.574515632857263,37.20886684786218,320.3260998807873
4,29.90396115182584,1.0888352885940369,3.726378150763863,3,22,58,0,0.0,0.0,2,1,2,0,1,5,1,19.664735013862234,47.18027343597086,346.09994809783666
3,55.39637915642695,1.2869327025477648,3.92765620620728,2,21,19,1,1278.2616436609414,2.556695026408458,3,3,0,1,0,8,3,20.325981411809643,72.56511989069986,536.0900277812067
1,42.06009193873298,0.8022527845229951,7.413591997886615,1,46,72,1,876.468687695603,1.507892521507774,3,2,0,0,1,2,2,25.514035294977447,27.971644224296817,348.39471208382724
4,56.309327941293205,1.2337125362218884,8.351015198550725,3,61,16,0,0.0,0.0,1,0,1,1,1,8,3,13.572991465746984,26.8185272928524,607.0975407016603
6,52.99493395815603,1.0488451073089502,2.634525709809424,1,11,26,0,0.0,0.0,1,2,0,1,1,3,1,9.840835634505344,28.42347529260625,471.84219709472944
4,39.88247265642317,1.355938131893959,4.338469073419887,1,65,174,0,0.0,0.0,1,2,0,0,0,4,1,9.9601340998476,33.667559388179185,479.46860629537485
6,25.78642579120411,0.8650934478761926,9.11746177074235,1,69,1,1,205.5770463899036,6.04265650327612,2,3,2,0,0,6,3,23.315495536556483,17.514778225226976,564.8778389288693
3,34.40370757847312,1.2117415868638737,8.260241677252653,3,32,62,1,450.5022213991977,5.207760052530305,3,1,0,0,0,5,2,20.352878861561187,58.805376256601264,436.91926846206826
6,43.95719751313034,1.1366810229202866,9.863725624862283,2,49,61,1,1037.0415829089025,5.734243625212283,1,0,1,0,0,7,2,10.158471964552222,24.51791024803956,702.238744311314
1,47.17173769391516,1.2496278681336592,7.788234337138727,2,73,99,0,0.0,0.0,1,1,1,1,1,7,1,8.626634866010589,74.830202308941,509.8348677795863
3,34.02606899016208,0.8453975161380779,4.5387568092513,2,32,18,1,743.9187318115479,3.427922449891301,4,2,0,1,0,7,3,8.01718262904932,25.098041973690947,331.6595797198206
1,29.877462592548845,1.205988651199692,6.31574050595174,1,38,16,0,0.0,0.0,4,2,1,0,0,2,3,20.694966192575944,27.894942051614255,288.3214920058291
5,54.222558287975474,1.1930392115716666,6.949128288225882,3,60,68,1,363.8997939137856,2.151239106427009,1,1,2,1,0,5,1,5.00296612277125,30.791416016757147,616.3365869759053
2,59.45407632462432,1.1924620660913197,1.7061023468541157,1,78,166,1,1226.9535674343597,1.367299948861432,4,1,2,1,1,6,3,5.457983565088593,63.79766679079912,537.5910893978505
6,43.39915638059401,1.2224413666175185,5.900472631934786,2,40,209,1,1454.2593558948577,4.545496556963361,4,3,0,0,1,8,1,14.73882839065238,39.93245412094208,740.6036716268114
2,31.008775004690623,1.2735275560584536,7.383887456253486,2,59,116,0,0.0,0.0,4,1,0,0,1,3,2,22.28374660690406,67.3534236821433,458.2236977008107
2,34.53075642817791,1.3634922997765389,2.505891736009543,3,29,245,0,0.0,0.0,2,1,2,1,0,4,2,22.3759844124351,64.9397598649052,295.84957705695285
6,25.64367367916133,0.98887450408975,8.025685456830015,1,64,198,1,220.5625547089233,1.2801089193956423,1,3,1,0,1,7,3,15.752956840192263,75.06432959372266,619.9062846136783
3,57.000458229617465,1.3775345871260436,6.253955024627005,2,11,80,0,0.0,0.0,1,1,0,0,1,0,2,22.27684016511424,62.96229085728383,424.6239224295791
5,29.12128790115494,1.1487789775844175,9.569996071278352,3,34,38,0,0.0,0.0,4,2,0,1,0,5,2,18.02740448950313,13.633781876834398,386.57943209826414
1,45.17807664299888,0.8539407953940319,1.3818006838620254,1,22,35,0,0.0,0.0,2,1,1,1,1,3,1,29.42328541993288,68.60968915893409,243.0861129871609
4,34.591932724052214,0.8409856504707854,3.3879352379992027,1,79,167,0,0.0,0.0,4,0,0,0,0,4,1,9.061505345920828,75.66508176937879,451.3123908142485
1,44.39623008805277,1.0339668230872423,6.413984913698417,2,76,172,0,0.0,0.0,2,2,1,1,0,4,3,20.01668169264014,79.55824347847683,422.6924257341487
4,47.79971359231524,1.3494278839780272,3.669039209853376,2,67,131,0,0.0,0.0,1,3,1,0,1,1,1,17.280969398775092,18.76873158927256,486.5626826241258
1,54.04096312975206,1.2953766543186411,7.42981747664118,1,73,229,0,0.0,0.0,4,2,1,0,0,7,3,9.86165861644236,52.929128852857424,462.39445585070246
6,32.22474451162111,1.3520304752706849,7.831047542697379,1,78,152,1,111.89381005009332,3.789128684879624,1,3,1,1,0,1,3,23.749760803542586,23.96210661189116,651.7782344315764
5,25.38485400304681,1.1620883395091266,1.9226436765982704,2,68,196,0,0.0,0.0,2,0,1,1,0,3,1,11.887700498299882,28.37567486388193,402.94537367299085
4,29.79099705240825,1.1081392985688434,5.624690177860909,1,69,157,0,0.0,0.0,3,0,2,0,0,4,2,14.54274547733854,62.190903675600055,495.5223804608382
7,56.50065246468368,0.9032167686943988,5.580015000319503,2,71,203,1,612.800940689131,2.131793478544449,2,2,1,0,0,0,2,14.370764239688253,78.43674023893422,711.6964326761212
3,55.58615271468803,1.0297349275265182,4.3235269319398695,1,25,195,1,174.11030979634558,4.047384496020285,3,1,2,0,0,5,2,11.10511182969872,51.6398851024116,417.4223853119173
1,45.90945857596079,1.1038135563217126,9.396323763127048,2,77,215,1,1156.9055556990704,4.171505208624654,1,2,1,1,1,1,2,15.767633292460127,69.54091288755731,592.2433188061917
1,46.01809011517787,0.8620203007757321,8.44755687885899,3,24,28,1,1437.2452246693854,5.863623089560966,1,2,0,0,0,4,3,16.83364702319046,10.621866268017952,353.50216514883584
4,48.27628360911894,0.954428366897848,7.274884437186731,2,64,200,0,0.0,0.0,4,0,2,1,0,5,2,23.605541820232688,12.564214789473349,513.8765776548278
3,31.13799475182073,1.218757705844617,7.428939721614978,2,44,195,1,552.934459231853,4.9827497436486645,3,3,0,0,0,7,3,24.12671435942593,51.77070361281044,499.4174695786957
3,57.0044181073736,1.3149641799674328,5.155445294318072,3,64,50,1,357.33804527454095,1.6803225733154352,2,2,1,1,0,8,1,8.963899207291552,37.22881711203074,526.7329236460046
6,39.65696837122256,1.4988432579750648,9.288950689869182,1,23,151,0,0.0,0.0,1,1,1,0,1,5,1,19.819307483188304,72.28304704812078,733.4257413295602
7,38.40984848873241,1.4531793319404904,7.251358845279569,3,58,13,0,0.0,0.0,3,0,0,1,1,4,3,27.404944956984888,31.138733916001364,686.6852093954203
6,43.16211968489931,1.249795639674634,7.560829554902348,2,16,68,0,0.0,0.0,2,2,1,0,0,3,2,7.71966522211402,40.24357192528332,514.6963506221912
6,26.64380883712693,1.0948736373058503,8.755218134086107,1,39,145,1,1075.818219507968,6.519225604783257,3,2,0,0,1,1,3,16.822851113353465,46.95364384820977,640.4129267793886
6,30.819917906462777,1.245324155295763,3.4666443040797192,3,58,169,0,0.0,0.0,2,1,1,0,0,1,2,23.758828060208568,29.11271830203733,456.3193380329041
6,50.83117657492296,1.3499561326561624,8.263638134800328,1,25,56,1,641.0475900591093,5.923849362126873,2,2,1,0,0,6,2,20.287283359558582,73.5946407217306,832.3527314761138
6,27.897953377379427,0.8828353336463711,2.757165426608428,1,60,210,0,0.0,0.0,2,2,2,1,0,4,3,7.514641414915597,42.5173509260668,433.5854701185818
5,46.11032383132358,1.0869334227874017,4.1080775702039904,3,51,11,0,0.0,0.0,2,2,0,1,0,6,3,14.915153133774307,39.69089263833119,472.5490974408188
3,33.58721883884623,1.387861599944932,4.020494088428585,1,26,209,1,108.21061904202584,4.253799853726475,3,2,1,1,1,0,2,17.6809874554216,69.48271342540329,389.4211351294943
6,38.62534649146918,1.0686830663531308,9.806729215502266,3,72,16,0,0.0,0.0,3,1,0,1,1,0,3,29.896140042906826,31.83848811535289,547.9965105823572
3,35.1042807869745,1.2003105898590305,8.708835013731342,2,54,29,0,0.0,0.0,4,2,2,1,0,4,2,9.46519773309132,67.22257411576726,498.6921234541056
3,37.44854507627322,1.2114385526035387,7.310528754312338,1,16,87,0,0.0,0.0,3,2,0,0,0,1,3,29.560594179002813,18.559099690494463,355.8258038187647
2,50.16660668144859,0.9291333771935476,7.543510854538511,2,36,202,0,0.0,0.0,3,2,2,1,1,7,1,14.403744605736096,22.795197335542973,468.3326433182669
5,35.39926004681112,1.053564809156602,6.05865514962314,2,19,98,0,0.0,0.0,4,0,0,1,1,2,2,10.008012151845534,76.55891663202144,402.77136045052345
6,44.8241624103914,1.0341579021193523,9.523816003976671,1,43,22,1,478.9570460224235,5.286325372223754,3,1,0,1,0,0,1,15.3527270530999,68.97132435653955,723.5321254472359
1,41.66176407696849,0.8183376959724454,5.466328775941254,3,45,208,1,618.68801188332,6.499858616163497,2,0,2,1,1,1,3,20.349878100870427,37.15292310194844,410.5661041676288
4,48.228490787692685,0.8169342347239488,4.424659388829051,1,34,128,0,0.0,0.0,1,0,1,0,0,6,1,10.337434847774896,54.69195141019206,409.8161564426696
7,57.78904087636653,1.3821879305730411,2.467318032384319,2,15,78,1,1334.3925574940183,5.030675621529196,1,1,1,0,1,5,3,12.285977082553194,76.0079132601669,949.028777345528
1,50.64002340235877,0.9911495669809688,8.075850870349523,2,33,31,1,1418.6678221645882,3.366046878103986,4,0,1,0,1,7,2,26.363662543382244,24.8301232004859,468.7877578920711
5,32.52291325067649,1.1626551363671709,7.609995388680323,3,27,8,1,1135.3885473557752,1.0077065531608085,3,0,0,0,1,6,3,29.975236541721696,14.130732915610048,424.3542084121191
4,26.091409727144963,1.0091079015121411,4.459195346717214,1,15,14,0,0.0,0.0,3,0,0,1,1,7,3,12.95431728746066,47.622764515371365,352.30114421370496
5,34.17924155049388,1.4584754715807384,1.2267407256330642,2,38,155,0,0.0,0.0,4,1,1,1,0,2,2,8.721420098748506,19.98178150645153,380.0698895440195
3,45.82772757450892,0.9815077312060416,8.550975949462096,2,34,151,0,0.0,0.0,1,2,0,0,0,5,3,24.82927049985104,23.11233648979626,382.5548954724046
4,26.799903471948763,1.1007597689172546,1.1027618510866626,2,64,187,1,758.9813992874862,3.5046897033787747,2,3,0,0,1,6,2,20.01139218187863,72.40774328121056,495.4855062577421
3,42.37281865204327,1.4109111753392214,7.333298016661459,3,55,162,1,168.80774648324785,5.3840740691703415,3,3,1,1,0,0,3,7.510028584390028,10.518242105142392,380.2209846428193
1,45.88949971209112,1.389353496754266,9.732313987534514,2,33,213,0,0.0,0.0,4,1,2,1,1,0,2,28.669287035900524,67.1774018524708,402.4838014637537
1,36.69853617859363,0.9302709924923942,4.938951953333831,2,35,26,0,0.0,0.0,2,3,0,0,1,6,1,6.9512382099973,46.18655434349253,291.4406842048661
4,51.98192713110377,1.361850316856997,3.114760644963575,1,37,210,1,735.5423662670037,2.152097505807693,4,1,0,0,0,2,3,20.63391004084103,49.15060713517103,542.2838330212846
4,28.730938859682013,1.120730820716525,7.343839090390436,1,12,108,1,522.3271382836084,6.0399893394636575,4,1,0,0,0,2,3,15.598431397339535,57.02375723194537,424.8463628279488
6,27.629822360753305,1.1380782104597489,8.354153278140267,2,47,75,0,0.0,0.0,4,3,0,0,0,4,3,18.9155979559984,40.201149461560725,495.5489785033111
5,50.48660646712612,0.8934359806911607,5.917872844700626,2,70,147,1,1296.1593186559523,6.36857192207497,1,0,2,1,1,5,2,10.33035489150361,18.092832173469034,754.363021220386
6,42.34219606721695,0.8564210596299873,9.703317477305315,1,60,64,1,1148.5986243669397,1.7053434947256194,1,2,1,1,0,1,3,22.20275998126629,17.197415666337665,635.094174260799
5,49.09408387497077,1.3095575148816356,1.46501849492165,3,57,212,1,481.2415560535159,6.941335207690443,4,3,0,1,0,2,2,28.99299222833349,62.805353942875975,634.5139588509951
6,40.21895685113112,1.14752280664871,5.543160384740753,3,30,176,1,264.50257629732266,2.2564402836996016,3,3,1,0,0,5,3,16.460646851122892,25.472460028709943,463.94699065146415
3,33.62407116336874,1.1057954918306256,7.466085525902951,3,63,108,1,452.7975103017004,1.070679257719852,2,3,0,1,0,2,1,18.07395693920568,11.967117853235097,358.184118084018
4,53.66858111859699,1.3106557600566775,8.76376424034261,3,65,128,1,1389.059031476627,6.984537634321325,3,3,2,1,1,4,3,10.995291764222031,78.57297223692588,946.088281263634
1,52.97955576391428,1.3358590292937769,2.6133005071701105,3,68,9,1,914.2243729896576,2.686443312670679,1,1,1,0,1,8,1,27.296699593777028,78.62740635524854,482.8712745056841
5,49.314376479904936,0.9112357173685476,8.200031335873133,3,60,46,0,0.0,0.0,2,1,2,0,1,2,2,29.279360128498958,36.46989361406459,489.4987258376822
5,34.5250798030487,1.2271576046343489,5.974363681466907,3,29,122,0,0.0,0.0,4,2,0,0,1,5,1,24.65742212715136,11.786669118997924,381.60145019271147
1,45.65807334041805,0.8947478575943799,4.568983137909669,3,68,58,1,612.4395720451214,4.4813711931948506,3,2,2,0,1,4,3,18.5693375539951,60.90852610149248,429.0804124368765
6,37.63408639290094,1.325962560220332,2.185435257211842,1,18,95,1,1229.949828447318,6.424209918727356,3,3,2,0,1,4,3,28.919920612715767,68.17084423399685,721.6623396428538
5,28.2053725664322,1.2598686093869975,8.787661830180213,3,10,189,1,832.6007490203498,2.921087004570632,4,3,0,0,1,5,2,8.84625138418192,18.75095830810668,391.936530428241
7,57.1059751411785,1.4696302347584207,2.415458873617438,3,38,102,0,0.0,0.0,3,3,0,1,0,5,3,16.962271497380463,19.48210304364654,792.5678728664875
3,29.78865208216365,0.8482706114494949,3.788090732881893,3,72,123,0,0.0,0.0,1,2,1,1,1,0,3,18.440142668160327,67.55567997877534,344.500983925279
4,58.25830738372809,0.839938304805878,3.610409787661932,2,65,85,1,851.6028051036657,4.748772392312351,4,3,0,1,1,8,2,17.297910493809418,74.53351721006644,649.1349178265574
1,40.61020205352845,0.99753095228524,8.842726307717689,1,77,145,0,0.0,0.0,3,0,1,1,1,4,2,25.06045717946758,65.35283856719047,527.1135847154778
4,31.479652509351688,0.9831939786151342,7.054326947880082,1,44,111,1,531.6929703466783,2.2672495515277102,4,2,2,1,1,0,1,21.7600722754091,24.05214644186707,418.2856002937172
7,43.96653315824253,0.9728851593504,8.170132574722352,1,12,173,1,1317.3576364029057,2.879092304221811,2,0,2,1,0,7,2,8.166461647956542,38.80648536039547,685.357482967011
5,55.553104255674285,1.4343782063647257,3.254211089132491,3,16,159,1,1169.733821210431,2.0730464110467963,4,3,1,0,1,6,3,13.661282683576507,52.05896981061399,666.041492166107
5,50.62787102433464,0.9746823398946542,6.623866896462991,3,36,26,1,446.9374200696696,6.411496647027297,3,1,0,0,1,6,2,13.476921209672158,21.22054316745801,487.0574943685836
7,53.22964017515074,0.9903648082900416,6.145713848293738,2,10,219,1,150.87704764273943,3.383121317902773,1,0,0,0,0,4,3,19.140804819823217,24.74217448427558,568.0374737312028
1,48.05741783487511,1.3315787836925748,8.495473391094439,1,53,17,1,242.58617119933584,2.471675829846204,4,2,2,1,1,0,1,12.286460441447424,29.80202504479885,395.14315102597135
3,49.22967975812483,1.114817889715378,9.154783544331345,3,50,166,1,1119.8915073864164,3.690447046095597,4,0,1,1,1,8,2,7.931794238847765,45.66592892035855,596.556981529667
2,54.72184780478618,1.3436973898686269,1.1094109432964814,1,51,176,0,0.0,0.0,3,2,2,0,1,8,3,21.342066641428385,45.75634210242833,470.234429407027
1,33.738380310071506,0.8457563102950697,7.066179271529134,2,42,220,1,619.7792887075512,5.466515522879956,1,3,2,0,1,7,2,26.275923463375563,67.00061635432868,485.217503684022
2,42.12987372750992,1.141299835571369,1.4665221920775613,2,59,81,0,0.0,0.0,1,0,0,0,1,4,2,28.290202386648097,62.71071404813379,367.2619863971345
7,32.74233046368608,0.8235295201282979,5.939727985696203,2,72,171,1,1115.6554358302278,3.628201940185881,2,1,1,0,1,2,2,29.314460441486897,73.96149725769594,679.253355043682
6,59.568380279882646,0.8438572424187483,3.588694561393104,1,46,71,1,258.5237125627756,6.166200399833443,2,0,2,0,1,7,2,24.52792115522535,68.30312059772174,687.6832528654915
2,58.04207688903146,1.4345062173410876,3.760989395699271,3,68,53,0,0.0,0.0,3,1,0,1,0,0,1,8.492560707297553,27.77142838139583,393.0784976667306
3,26.379938397897707,0.8974717597823166,4.176626531071209,3,57,222,0,0.0,0.0,1,2,2,1,0,2,3,26.327795605918112,33.19077385127999,329.04161664535576
6,49.6951310380491,1.172694477592652,6.591632041446491,2,14,161,1,857.1578895601556,5.143736452488049,1,3,2,1,1,6,2,14.999001834561849,45.02962705427736,761.7891691389295
2,57.3836911095483,1.0877669218204946,4.006449691018923,3,57,70,0,0.0,0.0,2,3,0,0,0,3,3,23.24778284480909,10.998979419455122,308.1273939576595
7,31.32013707945667,1.04314032838119,7.594291455312524,2,12,163,1,340.34947306050367,4.90363913951262,2,1,0,1,1,6,1,18.28170012402089,73.2731404398605,598.5941023107246
6,44.87808306934203,1.4298833419810908,4.640746470164827,1,56,145,1,1230.9640325572711,6.338124475429989,3,2,1,0,0,4,3,25.71515334121959,13.104094879363746,848.1483668291846
7,57.04209041558146,0.8152763777428427,1.6151788027896274,2,71,37,0,0.0,0.0,1,3,2,1,1,5,3,15.637643320992217,32.57088895716454,651.5725581239634
2,26.18810925050296,1.2646527803229124,8.053838582356965,1,23,186,0,0.0,0.0,4,2,1,0,0,6,1,6.544845268500519,49.84223538374847,364.3385843927052
7,49.4097093536394,1.4743761039494854,3.571824921334354,2,72,136,0,0.0,0.0,2,1,0,0,1,6,2,18.920592772061774,46.248897202480606,846.3988102475206
3,35.40721525803927,1.1921177284232891,4.894901916393364,3,70,200,0,0.0,0.0,3,1,0,1,0,6,3,9.28226386669183,55.812192497811225,406.5666702176457
2,57.35386683817856,1.4557757234231643,7.168994948997113,3,40,237,1,293.7566203553744,4.619332813947782,1,0,2,1,0,6,3,29.137940808823068,46.92641227059463,477.7856172631116
2,58.98703858078788,0.8365805155002167,3.992105414338408,2,26,199,0,0.0,0.0,1,3,1,1,1,6,2,18.17407664563729,26.030099799212408,394.48408708525824
2,58.04932711897019,1.0931553233519131,1.5092709053204407,3,33,178,0,0.0,0.0,2,3,1,1,1,2,2,18.838969845931512,24.07547314557103,245.6677035320733
1,41.59749758301123,0.982110453673436,4.365289423115322,3,32,34,0,0.0,0.0,3,0,2,1,0,2,3,27.68164282037044,73.50729483528491,330.4262893172139
1,55.17149278462597,1.311574675486511,9.50003724424873,3,59,81,0,0.0,0.0,4,1,2,0,0,6,1,20.61463112877937,28.47767157149148,398.8890118715335
1,54.559228948727466,1.4869079633480726,6.775609575687024,1,79,132,0,0.0,0.0,2,1,1,1,1,1,2,12.56823442974268,29.668406371565943,432.8772063453745
3,36.16851656351395,0.9795710437109736,7.043312338004863,3,36,141,1,922.3178160058076,4.7398866025543445,3,1,0,1,0,1,2,12.40236542283428,38.906702727024125,422.4993897109899
6,54.01204159527371,1.257922221031852,6.690539382738758,1,24,219,1,219.56347800722332,1.3379996667954388,1,1,0,0,1,2,1,17.539466247661405,19.76068290049817,676.710446912348
7,26.29526721504224,0.938668342931818,2.7909292506349312,2,59,157,0,0.0,0.0,4,2,2,1,0,3,3,26.66520572322897,45.50909910962682,441.6336510196508
5,45.86944574687186,1.195731178200127,4.765004776920521,3,45,3,0,0.0,0.0,3,3,1,0,0,5,2,24.868233518406964,56.5522233191492,563.3796611884216
2,33.050309305069604,1.1247527406818354,7.758458185269864,3,17,166,1,1211.7883864251812,2.99614107815602,4,3,1,1,1,7,3,29.06851465142112,65.02003444541569,481.224940387401
7,29.21984100220476,1.480403730742076,1.9123560779784323,3,12,211,0,0.0,0.0,3,1,1,1,1,6,3,6.797153071305091,59.80179693049604,562.1258447609711
2,27.69336205702232,1.2259690908875265,3.5006749848074104,2,71,191,1,1352.6465991638215,2.5761598592800308,3,1,0,0,1,3,3,11.708151724108465,20.33451748561846,387.39751182314194
3,49.37010715573489,1.0446544604607733,3.4868719761926825,1,56,152,1,474.7358120720166,1.9883064816578853,3,1,0,1,0,1,1,7.005192695343149,41.92470014796467,425.5804251470216
2,36.89562373188232,0.8798670494215534,4.888170348350554,1,70,155,0,0.0,0.0,3,3,1,1,0,1,3,23.776979847560906,12.701034056572489,330.2609937068963
1,50.366837003506646,0.9058727801144544,9.823318668479663,3,41,203,1,1358.0356747965582,4.087426697606803,4,3,1,1,0,3,3,8.52084222875959,11.24585977046645,346.0927910152707
5,27.287471927962983,0.9577218509658646,1.6075229201543977,2,22,193,0,0.0,0.0,2,1,2,1,1,5,2,7.497157949940168,40.80912927916605,337.5961556345368
4,36.03516182407136,0.9756766629382086,5.668308949425355,2,10,234,0,0.0,0.0,4,2,2,0,0,2,2,19.04180517748894,27.707234612034032,318.51143643222866
2,43.8821952331368,1.3954312404887963,2.614282138109894,2,43,205,1,1302.5727659711083,4.550847445979955,3,0,1,0,0,5,1,15.287117802978962,57.83525564113539,498.2641338212981
7,52.67531076936372,1.1928559517977677,9.736088908687698,2,71,149,1,224.2825737387257,1.433376089634867,4,0,1,1,1,4,1,22.87753346906168,60.69685507693888,874.6631847605214
1,36.15633760262244,1.1663736379620566,2.019731542547178,2,40,158,0,0.0,0.0,4,0,0,1,0,4,2,17.175384792506826,72.6782607190779,279.52090892495096
4,46.90619817529532,0.8803382103084523,4.632409021254321,1,73,22,1,548.8678691703175,1.4394736246443407,4,3,1,0,0,1,2,15.63336489851132,63.24777594773271,508.23190863872816
5,56.00922118826655,1.4020977853446044,7.640964863511455,1,34,47,0,0.0,0.0,3,3,2,0,1,7,1,15.637511218674272,13.377088619557918,789.4032516877215
4,46.555211586380665,1.3059700122459388,7.340989852247008,1,47,147,1,435.11777087886486,5.514455399272055,4,0,0,1,1,4,3,26.796909509971364,36.01361072504373,646.5301259122683
1,33.15358161637718,0.8473678533300012,4.804557732045391,3,23,124,1,685.1559112194419,5.5198775912755424,1,0,2,0,1,1,1,14.88064126806166,29.11163462264855,245.19428005731555
6,25.85402735447883,1.295484568060838,4.118717511574464,2,17,165,0,0.0,0.0,3,2,2,0,1,6,3,13.334928194240836,37.02927148790128,445.19616322191376
6,55.45346058653254,1.1804767521398525,4.578511406975835,3,63,54,0,0.0,0.0,4,3,0,0,1,8,2,13.463376925568234,21.20529612780911,674.5960279156089
4,25.74442937976355,0.8572077420227449,3.3784863684277537,2,11,67,0,0.0,0.0,1,3,2,0,1,8,2,9.915019920372258,16.839287258341542,327.6363276270462
3,55.61455854394698,1.1208104490700594,2.847996448361198,1,65,206,1,514.6474717825979,4.85366898104269,4,0,1,1,1,0,2,26.517221264349736,46.46891797558805,519.654045516076
7,43.51279969095242,1.139287400991033,5.34735727803001,3,70,87,0,0.0,0.0,2,2,2,0,1,6,3,8.66577037568954,60.42669176064761,711.0332097792199
7,57.86736944795137,0.9160421781142932,3.416803804608466,1,31,216,0,0.0,0.0,4,2,0,1,1,8,1,27.715268444990134,59.133763135236,702.2110038540374
4,52.95741325207829,1.4619887029001977,3.587154984075251,2,44,0,1,585.4062657302757,5.667266233221263,4,0,0,1,0,5,3,12.086693047775157,41.56610255233591,545.5662709669634
2,59.927693868666815,1.3949827600364633,6.910804571271013,2,25,134,1,1145.0329803999596,4.002150162306341,2,0,0,0,1,0,1,27.48567055434617,46.559529040226224,512.4908973865895
2,37.274913540809855,1.2683156361303758,9.71683598529903,2,59,184,0,0.0,0.0,3,3,2,1,1,1,1,24.77051642036443,46.1430105756049,421.7430045426785
7,51.85159011258944,1.123606892700425,6.432734805034376,1,52,94,0,0.0,0.0,2,0,1,1,0,3,1,19.549688023758968,58.409926443763936,751.545592202154
7,39.067581976323474,1.088235879109156,1.6928152035846966,2,26,139,0,0.0,0.0,3,1,0,0,1,3,2,21.73675009796498,13.354762316921686,458.6835761764164
6,41.79564671063681,1.255681427005668,1.680252524686603,1,67,105,0,0.0,0.0,2,2,1,0,0,1,1,13.146102270623192,59.69272762098567,540.956310211454
3,46.96269121264295,1.181802308584834,9.562808987610094,3,11,132,1,312.7722554636717,6.225805599175256,4,0,0,0,0,7,2,19.35571535819156,50.75406305301012,395.4175652780465
1,55.57869899652186,0.84359117411732,3.6756171127660022,2,13,107,1,282.4451833278073,3.0540044947659446,4,1,1,1,1,1,1,12.310072518167429,23.867610027010198,195.724248058302
2,59.44292142197533,1.1587518541392323,1.828602874742279,2,48,177,0,0.0,0.0,3,2,1,1,0,2,1,15.056820347261542,13.434119762238517,350.58130486044854
7,51.889569485258136,1.3644825320629876,6.391401284353434,2,15,41,0,0.0,0.0,3,1,1,1,1,3,2,24.11656388073112,17.59694533905219,688.547337519888
6,39.621837375856686,1.1214679143178707,6.612839004612395,3,78,101,0,0.0,0.0,1,1,0,1,1,8,2,11.098314095255406,46.72839389934887,652.9926289572196
5,39.74749507969746,0.8363696042879879,6.836543381068194,2,78,123,1,188.55477245815143,4.166872649773724,1,0,2,0,0,0,3,25.971150395938444,63.0885971063898,561.7234095561006
6,50.8153805556112,1.3503947395688232,3.406618250717872,1,29,139,0,0.0,0.0,4,2,2,1,0,7,1,14.397071341624914,33.42601009871508,668.0480228719182
2,33.357200101890584,0.940954647495182,1.1359961579302753,1,73,102,0,0.0,0.0,4,1,2,0,0,4,2,18.304249021404523,36.53867374936552,328.9880094818837
2,28.866593959598813,0.9810345844216272,9.685138325090248,2,25,145,1,987.2965986462028,5.495892130854607,1,3,1,0,1,6,3,28.54901218907183,75.39024905322786,578.3434447261485
6,37.41177551742718,0.9152944474026072,3.2580374112199224,2,60,193,1,454.48162871796734,6.788142872970766,1,2,0,0,1,7,3,22.03139075467187,24.91091588228032,536.5885394686712
1,35.05336470789286,1.0311505454100482,7.084236592472927,3,46,73,0,0.0,0.0,3,3,1,0,0,4,2,21.140102821115683,17.262459720274613,257.04721751947625
4,35.37078421595965,1.3297260539820446,7.359668828908386,3,78,206,0,0.0,0.0,2,0,0,1,1,7,1,22.790193190125727,34.038707966001255,557.350843614392
2,33.17627128674685,1.1635701016527562,6.490066753715372,3,51,221,1,1017.6103698169258,6.625302024444031,3,3,1,0,1,7,3,27.952783469014037,62.21454836445916,636.7056772815157
6,26.473261637272667,0.9434168919054988,3.816166547922834,2,66,107,0,0.0,0.0,1,2,0,1,0,8,1,11.212842730537773,53.82541037392923,437.93726767683467
7,25.62558771566948,1.4144810547064286,3.439866283876592,3,75,121,0,0.0,0.0,4,1,0,0,0,1,1,20.33103014498346,39.10568075586984,501.0906416978139
6,59.570283640761104,1.4157072984660704,6.379014544324328,3,18,16,1,533.115986912018,3.894541609568373,1,1,0,0,0,2,3,15.009846359591307,77.53267729822814,776.5031912179312
3,39.97205968075518,1.4094048975322049,8.794860702505224,1,73,195,1,1071.7843155667315,1.561944715644847,4,2,1,0,0,0,2,5.296382330256098,61.44975068062013,609.0243955785562
4,38.451432650588856,0.9671573479670776,9.52060356031056,3,31,70,1,122.57450492110084,5.608536270511999,4,1,2,1,0,3,1,8.13252241015273,14.330299706830566,417.55271760148
5,48.78765489425744,1.1158675409266916,1.9531522396338188,1,43,61,0,0.0,0.0,4,3,1,0,0,4,2,13.12479738158971,62.12420106978338,521.7797527900264
1,32.63888607527725,1.4894927592986127,2.3934575133794787,1,64,40,1,592.3937451423317,2.870219928956872,4,1,1,0,0,0,3,19.124999279547893,11.682698913410084,280.54327546634914
5,58.24864143825789,1.3404087334169934,9.502626329047716,3,38,222,1,860.8782000162203,2.8374354713704024,2,1,0,0,0,7,1,27.03686941740679,55.52263261821838,721.6508462165665
4,52.52207550454432,0.8190171948578919,7.628817055013133,1,47,242,0,0.0,0.0,1,3,0,0,0,1,2,24.77785295503599,24.733798540486116,470.2953697344096
4,28.129385080929083,0.8456432138823444,8.946944423467958,2,27,246,0,0.0,0.0,3,3,2,1,0,0,2,18.83334181056926,58.75095463262904,351.23766550008736
4,39.61532715247249,1.124751963768633,2.8236937072180885,2,74,230,1,404.893122474596,6.286630890139395,4,3,2,1,1,1,1,6.846760447686691,31.68456966534573,485.94725375871946
5,55.76914076467577,1.436454144103092,6.288272839984617,3,10,118,1,1047.8529408348145,2.5399701393754865,4,0,0,0,1,4,2,12.147657259874466,71.11044155688954,653.6848383471012
7,58.06562078019936,1.1770912585669,7.310256349757263,2,13,161,0,0.0,0.0,3,3,2,0,0,8,2,14.167716197306095,33.58396856140223,760.8599630754844
4,41.35905289374544,1.1484687556240032,7.121006969022754,1,13,197,0,0.0,0.0,3,3,2,1,1,8,3,20.54292963009606,53.37870987830079,591.0038866074219
6,46.46939862237477,0.8738315899696414,4.673365217800283,2,36,241,1,1137.2364894107798,5.068735009219878,4,0,0,1,1,1,3,6.623090574496028,30.01492917577918,572.8446190737359
5,30.84618811322263,1.2597460733070058,1.1385540252217763,3,52,229,1,1026.6044371010078,3.48657887480222,3,1,1,1,1,1,2,18.254838862511832,74.20550815995247,488.1055698470484
4,59.69090191479418,1.3754722124201575,6.246334511238368,3,68,44,0,0.0,0.0,3,3,2,0,1,2,2,27.53661440361768,64.66971867197206,624.2489989828603
6,33.10850954842052,1.0662940052552936,3.2779138526164786,1,41,57,1,1232.4019546469915,3.063877817898221,2,2,0,1,1,6,1,22.635817392435072,27.03120134412222,559.5486128651108
7,57.9956120947294,1.342928295647729,5.052288215286013,3,42,178,0,0.0,0.0,3,3,2,0,1,2,3,24.92692016406891,76.41576987910618,824.7056254648845
3,47.7376327147329,1.4751336577305685,9.618229135754357,2,37,125,1,899.698084852124,6.980099667608078,1,3,2,1,0,0,1,22.04189120897684,35.00103127033597,607.5365863333586
7,46.27078782076007,0.9426365213893824,4.591317858781912,3,64,161,0,0.0,0.0,1,0,0,1,0,5,2,10.164727804314806,55.63054633670313,596.0296379507687
4,42.94409788557781,1.166330741836319,8.55821445997984,1,69,43,0,0.0,0.0,1,2,2,0,1,2,1,7.762095501650466,61.99972617800775,597.3615558589772
5,33.07344341012156,1.000996570659203,2.6968654517432604,3,79,14,1,523.8746506643951,3.131737859315913,4,1,2,1,1,0,2,25.737266825122724,11.60315130254386,395.0331980760761
2,31.17848112019279,1.3549980933236876,7.052144482225259,2,71,77,1,743.0844142419518,1.294964974930289,1,1,2,0,0,3,3,22.38761090038821,77.12771423100723,501.1460039473928
4,32.71701731745614,1.2043153561168105,9.793062589950493,1,43,69,0,0.0,0.0,2,2,1,1,1,0,3,19.376538970409207,34.11089142611554,501.7038237381535
2,31.52533917504891,1.2442076922852126,1.917037907856431,2,65,177,1,1401.8904684039308,4.325087532692793,1,3,1,0,1,0,2,9.73207162420615,23.284522540185694,427.6421622127096
6,52.28545657483637,1.358539911731126,1.074879480044728,1,22,100,1,863.1167780038462,5.572196326234306,4,0,2,1,1,1,3,20.08362413279384,69.54954542099486,675.1787100715726
3,37.25438407083556,1.0771793308637183,4.902245133693529,3,65,241,1,1026.0526874531126,4.224275142663131,2,2,0,1,1,7,2,5.783044630553994,59.20294979763901,574.3533059968775
1,27.024493679718876,1.4405630478849305,1.8336293474623049,1,27,159,0,0.0,0.0,1,2,2,0,1,1,1,7.970978359848986,16.072029083634682,150.57509233012485
7,58.9185920549284,1.173120207072298,7.735459147086082,1,63,194,1,237.96559197811936,1.2005591985593298,2,1,2,0,0,1,2,12.797253745110613,18.193120696373867,820.3525819443272
3,55.9325059737199,0.9105683759847436,9.23093797463703,3,52,2,1,424.9100090126311,3.2005124585556404,2,0,1,0,0,7,1,16.093456935279107,60.06343094575543,462.73254715192434
4,57.471329911832456,1.2871293827181618,4.90618875437883,2,48,213,0,0.0,0.0,4,2,1,0,1,5,2,8.014112395550008,15.234827917135878,600.3550841336133
2,59.82177379262524,1.355282945306778,3.3284047793989684,3,70,85,1,1253.2422466772196,3.683637808942733,4,0,1,1,0,3,3,7.998504596438395,74.20228045868456,536.4061450166015
7,31.086333722682056,1.0217331739472688,4.909629871059488,1,51,73,1,1299.840639662809,1.4342583591647349,2,3,2,1,1,2,2,23.147341514590888,61.90780958633432,584.3088409733217
2,38.86847066159306,1.400025479899127,7.511030360650009,3,27,50,0,0.0,0.0,1,1,2,1,1,0,2,19.24298516333714,33.48445441768922,289.85366331955976
5,51.5383466496432,1.4343002783360363,1.0814874542233388,1,32,66,0,0.0,0.0,4,3,0,1,1,2,2,18.343549519441623,35.40571454577368,533.8446223388335
2,49.360721631882726,0.9938331411644664,6.305085905362275,3,63,75,1,712.8940682194678,6.5338466529015085,2,0,2,1,1,8,3,16.310862377938747,45.4547267342871,644.7838349560226
5,30.386356721894927,1.4884650309006555,6.519625163986412,3,39,92,1,423.0284262898753,3.5553589302200908,3,3,2,1,1,4,2,29.4135776586141,35.26785895539781,557.5359849478655
6,53.55415937467163,0.8984980696341309,6.73919422206342,2,67,175,0,0.0,0.0,3,1,1,0,1,5,3,6.245007072359419,64.8427986006821,652.161553239056
7,32.855420014283126,0.941410967881743,3.178198719827895,1,77,144,0,0.0,0.0,4,0,1,1,1,4,2,9.515679404039435,78.2315860871131,585.0247793760084
7,32.83361651879181,0.9289573874666184,7.426474510403141,2,76,6,1,205.7379204362416,6.584997185054845,1,2,1,1,1,0,1,21.18769393503093,50.91650608067352,547.6997910024692
1,43.79410480126948,1.425792797005509,1.822523376985988,1,27,12,1,1258.613704472983,1.032093932165337,3,3,1,0,1,0,2,8.409141346281032,41.22261293672703,232.46953888773584
4,45.75289771945961,1.2580047866274733,2.7934330282012074,3,16,119,1,698.7367201538367,5.489432837085401,3,1,1,1,0,3,1,19.734523450229347,25.5941898187752,432.72013379544586
5,45.3030172743234,0.906472998255591,8.897230419890338,1,49,65,0,0.0,0.0,3,2,0,1,1,2,3,19.194030637027,55.740339347346016,545.5888007283121
1,28.20203930892142,1.1082263928578442,7.648508356539097,2,79,3,1,225.51312372995065,1.8383234018737244,1,1,0,1,0,7,3,29.27512959099105,57.9903803270778,464.5624203360559
2,55.71113019206331,1.2307086175488615,1.1237099861021074,2,74,137,0,0.0,0.0,1,0,0,0,0,6,2,27.08466217622556,57.96334249100546,395.6254638548504
2,34.29600149060471,0.8584248594925683,3.235386343328202,2,77,230,0,0.0,0.0,4,0,1,0,1,6,3,28.63883359418632,11.888952510794462,361.8412637776912
1,29.533022244898145,1.417691457885137,2.929658346938481,1,58,87,0,0.0,0.0,4,3,1,1,0,7,2,7.84005923684949,72.93854704623297,328.59690118368326
7,56.1061827954142,1.3625224748090743,3.437256952332753,2,61,16,1,1230.1663090567506,4.254319361142633,3,1,1,0,1,6,3,26.70371093135472,33.667459440042364,954.0574682889973
2,58.44780243804137,1.1536447415036468,3.2280379325189776,2,38,51,1,743.4858560990443,4.164738782330393,1,1,0,1,1,1,1,8.22726654320765,62.09160337371263,406.53052338136206
6,55.17446660429077,1.4769886306814193,1.5627366616856118,2,30,133,1,413.0435676531395,1.8467567097959312,2,1,1,1,1,3,3,20.82330446359973,63.18648349702239,740.6855228945675
6,53.333062615370736,1.09243268549257,5.130464649371383,3,18,210,0,0.0,0.0,3,0,0,1,1,5,1,23.00195401695005,55.53884851685677,557.0121164606896
1,47.93346932236576,1.4888772233255485,7.594601273075487,3,56,68,1,582.4352340177604,5.860840544472767,4,3,1,0,0,2,2,9.021337453732146,37.64065662010045,362.7032951900085
5,44.28000797131988,1.267543999162539,6.460585522456928,1,51,223,0,0.0,0.0,1,1,2,1,0,2,2,20.816484398238494,52.58689517715679,601.9575512802182
5,28.04453659689936,1.244269891277759,7.055845017382718,1,60,201,0,0.0,0.0,4,1,0,1,1,5,2,6.311512322799851,12.81390838805136,514.5895174292328
1,39.295862457474456,0.9161684267070496,1.7303426068261525,2,65,136,0,0.0,0.0,4,2,2,1,0,0,1,12.331652143570755,63.33270545315344,236.82791260638763
5,38.04409809543099,1.4173494308132508,9.563416391591083,3,60,218,0,0.0,0.0,1,1,0,1,0,0,2,28.02896234835292,16.971205382983726,528.6925513949058
7,34.09138243161142,1.0992427815444306,8.546426504587224,2,79,204,0,0.0,0.0,3,3,1,1,0,4,2,9.29327907254673,37.77256480597213,655.7795080622909
7,50.31970397910048,0.9135633840477356,8.245812866460964,2,29,210,0,0.0,0.0,1,2,1,0,1,0,1,6.631749811258187,17.25331513654766,516.8550381782027
5,42.35565072775698,0.8088252639830313,8.406854245375907,3,36,20,1,339.52035360002685,4.622530863025678,3,2,2,1,0,7,3,16.091954991386487,68.59521120733662,547.3647827596861
6,27.83661755676768,1.191828978546868,9.394394573194852,3,47,23,0,0.0,0.0,4,2,1,0,0,1,2,26.265455213181788,48.52116754051715,485.7900612648396
5,32.706412068243395,1.1691797354858735,5.898285695023279,3,74,229,1,898.2621021197263,5.415721363091068,1,0,0,1,0,5,3,6.916809549207249,58.366858411849066,615.4497342149465
7,48.91405672808585,1.303547535658411,2.8025381608086333,1,63,3,0,0.0,0.0,2,2,1,0,1,4,3,13.888384130760214,57.78075188898291,746.8286898410781
3,27.664580082160505,1.4231806371124611,6.551052470672871,1,33,151,1,767.9537447714965,3.780346052827877,3,1,1,1,0,3,2,27.494370863983157,68.91243621609532,508.6525461563974
4,54.7922419917069,0.8555846092501207,7.685933443011451,2,56,186,1,1492.3899593583346,4.59658325216573,2,0,0,1,0,0,2,7.953888748611358,19.279858234159427,637.2298224522233
2,42.3301284454891,1.3120475432382537,7.641256540186228,1,72,226,1,1050.84037935319,2.0276404639974377,3,0,2,0,1,2,1,12.766712647798666,56.18096982834189,595.2140327736595
3,41.82053020643268,0.9311883608683076,5.693041217501921,3,66,2,1,203.7048700946268,5.449826911705726,1,0,2,0,0,3,1,24.4605152883926,50.25938380825602,448.986622931929
5,45.73427246308312,1.4007239372100146,1.6161284740022026,3,64,67,0,0.0,0.0,2,0,1,1,1,1,2,18.580274678470108,12.162798579992078,479.0984368418224
6,53.86383380738022,1.3733444597031594,4.34001644587115,1,69,248,0,0.0,0.0,1,0,0,0,1,1,3,25.808328515839577,24.09960361759618,724.263753195891
1,37.17332227657676,1.178555628489881,9.286899476170216,2,71,100,0,0.0,0.0,3,0,2,0,1,1,1,7.78988482621996,28.730007896475456,360.5554206001899
5,48.73056533956722,1.2971699590363182,6.260040187816834,2,39,167,0,0.0,0.0,3,0,2,1,1,0,1,28.013854284493068,15.078946280041633,556.7213235075595
6,44.80061873985269,1.020045079228624,5.84498748930142,1,31,175,1,526.03062854921,1.7691284368627704,3,2,1,1,1,1,2,28.37279486288022,34.8303864129161,550.645072802797
4,34.34598945592975,1.1298175292529702,3.419681629439742,2,38,53,1,221.04050996821329,3.5521389776199017,3,3,0,1,1,5,2,8.882825503667657,11.904175610083298,380.4407145754048
5,55.752049522430525,1.37514582839733,4.31604027924921,2,50,34,1,101.9996803108474,2.483236442433261,4,1,2,1,0,2,2,5.846886610168751,48.72284445804107,663.2046377238952
7,52.90991075624248,1.1214856380212497,9.058114802378524,2,51,222,0,0.0,0.0,3,1,1,1,1,4,2,29.74603454888922,24.80506724058511,799.0043786258714
1,48.04581421304489,1.0504587857278094,6.998167427741522,3,74,55,1,1271.6087911172292,2.572210027041248,2,2,1,0,0,0,1,17.05628980756061,30.090217385643903,430.8964144921239
6,54.77036051829847,1.14594871307521,8.086483240770995,3,40,107,0,0.0,0.0,3,2,1,1,0,7,1,19.301885100885784,73.7330138319899,676.9447954598429
6,55.35529703359308,1.379774476706053,5.089108807608897,1,39,216,1,1498.8902185208171,6.350921268439677,1,0,1,0,1,3,1,20.397618341664405,45.19717943864678,896.6012703427971
6,49.79270418502622,1.034645633159611,6.672224975105421,3,27,39,1,501.58530390608,2.1786478913367158,4,3,2,1,0,8,3,24.741711569512567,28.83097518710911,589.1495993017427
4,54.29546649272852,0.9216331151950208,3.235452478688868,2,26,204,1,492.6370906640775,4.683075670046346,2,0,0,1,0,3,1,25.299699226147947,51.89232307736464,430.0111493435169
5,49.411501158424926,1.2984098142315466,7.349147472551376,3,47,67,1,323.6492443275219,1.526305850319786,4,2,1,0,0,1,1,9.848130607994346,24.11700044072469,500.2339900744064
4,48.80492701161052,1.3781847488956571,4.848412003330036,1,23,45,1,329.68902357146925,3.349222597609775,4,0,1,1,1,2,2,10.915918515838165,15.20769800349294,505.6104996911418
2,46.65139823753145,0.8704462349664733,4.98290963333271,3,65,77,0,0.0,0.0,4,1,2,0,0,4,1,26.920825723659306,11.463444808018806,316.7247938473459
2,51.34508238451744,0.9679118789291612,6.843900921191935,2,31,140,1,1209.976063382938,4.956539481099497,1,1,1,0,0,5,1,25.487940118764666,76.60703317633794,508.69738174186006
5,30.55117868525758,0.8993803928326958,9.42652559322034,2,76,154,0,0.0,0.0,4,0,1,0,1,6,1,20.440484538848885,60.72275769001814,574.8981719647584
7,55.83047657196249,1.043558988107517,1.5760571194775883,1,65,5,0,0.0,0.0,4,3,0,1,0,3,2,29.867478978121245,65.99637038046677,713.9849841212332
4,55.51452347108312,1.1152456852337889,8.422689136123068,3,28,16,0,0.0,0.0,3,0,1,1,0,6,1,23.379598588783093,78.66424097251823,523.7544434507769
1,26.02365490620957,1.3241784358743145,3.631447993709738,3,66,163,0,0.0,0.0,1,0,2,1,0,2,1,10.395919203256222,75.21400923894076,336.94949608665706
6,53.90358626976669,1.255803309417172,4.9952750905574,3,53,231,0,0.0,0.0,2,3,0,1,1,6,3,26.16610160831696,61.58392390462611,729.9496704345489
6,29.510445361570586,1.234649997234902,1.1972199589750807,2,44,240,0,0.0,0.0,2,3,2,1,0,3,3,15.3683159092535,58.57909488735236,418.4069002583445
5,36.72915989906997,1.0466624626267582,3.7094147005088174,1,10,98,0,0.0,0.0,2,3,0,1,0,7,3,5.903816513532229,33.579499785476365,344.7900538968499
7,51.02278897020627,1.389013287159332,5.523681183671174,3,61,80,0,0.0,0.0,1,1,0,0,1,8,3,13.035531945291766,17.28120762565715,768.9104762064286
2,30.626596361690787,1.1299010171787152,1.505584696126951,2,79,232,1,330.6232545134864,2.9466293718103973,2,0,1,1,1,6,2,24.088780851484632,50.16057838573032,442.7140315816586
2,53.62884584416717,1.485373456610608,5.419861564448486,2,46,1,1,701.7637605182035,3.005292023560688,1,2,1,1,1,7,3,29.00515517966183,50.33773065620146,568.4057011481594
6,54.12469622852097,1.2438994968070158,9.343995659725843,2,74,248,0,0.0,0.0,3,3,1,1,0,7,1,11.903410407579846,76.65660997910209,867.5698793508418
5,42.76137068162927,0.888385319095152,1.948538962970247,3,60,76,0,0.0,0.0,3,3,2,1,1,1,3,11.162908110242876,40.97995646631965,423.1410452315477
4,25.223505510089176,1.2733242934528035,7.879966552679539,3,10,179,0,0.0,0.0,1,0,1,0,1,8,2,19.0904146399575,58.35653370142479,381.26771643859183
2,35.046334661121946,1.027572810802189,4.687039480383934,3,30,65,1,1484.991923148939,6.383790974498432,2,2,1,0,1,5,3,25.29209749156117,50.24794391777053,597.4150909857917
4,46.592442143150976,1.2804290376802685,6.896563430719042,3,62,51,1,176.64297516343316,4.109309893815565,1,0,0,0,0,3,3,23.663142054023663,22.373216037073448,534.9649932739934
7,59.34151623095982,0.8487488037136841,3.342129381867064,3,25,91,0,0.0,0.0,1,0,1,0,1,4,2,18.998972564070414,51.44450154284417,542.083007543664
2,47.1134734455834,0.9224170060231716,2.4354303628722245,3,70,170,0,0.0,0.0,4,3,1,0,1,4,2,20.78474204036196,47.80816965539741,365.3187012495293
2,34.0931253372456,1.3990160812340504,2.444163528441038,3,63,217,1,804.3869766476477,6.275226025512296,1,3,1,1,1,6,2,11.0524739331586,44.57341957365489,479.3968798531938
3,47.1901996084864,0.9590256899164604,1.634427510788302,3,49,21,1,542.3101513398915,1.0780612805552363,4,1,1,0,1,8,2,15.814356625083764,45.93960535539323,412.12218115180974
2,43.89948829005494,1.385928787670058,2.670820344111187,3,35,110,0,0.0,0.0,3,2,0,0,1,6,2,11.384140663007498,21.47915803712093,317.636705418736
1,52.29458883029002,0.9954932619180874,6.977974464900714,2,74,106,0,0.0,0.0,4,2,1,1,0,8,2,27.11044937111594,42.44344118614675,431.0958821083598
5,28.744322358943545,1.2500173370410954,8.935215506591572,3,73,182,0,0.0,0.0,1,3,0,1,0,3,1,7.813862684137893,52.39572902751178,508.5048778927375
5,51.63597658757098,1.2859054014568816,8.327131170320456,1,52,66,0,0.0,0.0,3,3,2,0,1,3,3,21.99351394640927,44.26144390798776,692.9362170622052
4,43.94433025366386,1.1588583272015371,7.166208788870357,2,26,226,1,1290.8122762292392,1.1463459586605804,4,3,1,1,1,5,3,11.507079929125586,44.20803365883031,551.3584946598593
7,58.70472013506481,1.013717473687712,1.993886770699924,3,68,187,1,870.7634208679938,4.488549369214523,1,2,1,1,1,7,2,16.88943524296166,15.426239685509003,790.7578024081467
2,36.96552581135401,0.9488510634597672,3.6026870166635483,1,32,185,0,0.0,0.0,3,1,1,0,0,8,2,12.48531950616582,23.354190641170376,293.4846671732207
1,47.14176625968818,0.8232325481936984,3.788261877902221,3,16,139,0,0.0,0.0,4,2,0,1,0,0,1,13.081132926486791,32.46808849428505,167.71028417197462
4,57.620983692850615,1.0127624808685067,3.249612517578591,1,53,215,0,0.0,0.0,1,3,1,0,0,0,1,11.50982534027555,39.35428957481346,430.406343672048
3,28.587840479673773,1.257213953371898,5.635050937387508,1,62,68,1,543.678219345962,4.9135840356626215,1,3,1,0,0,7,2,23.819823029885967,51.5756210701023,539.2113450929323
4,57.80299705327579,1.456813372913938,5.819984333917053,1,43,83,0,0.0,0.0,2,1,2,1,1,6,1,14.142896429476178,70.43415731661425,714.6539235033205
4,49.07600028052847,1.4098431375841365,4.211973776539992,1,55,102,0,0.0,0.0,2,0,0,0,1,8,1,23.158925442852063,21.141531666205776,579.4812083675578
2,27.374297068681017,1.3362453435747117,4.184102428627924,2,77,38,0,0.0,0.0,4,0,0,0,1,2,2,16.40174825260032,11.056162114748645,305.04605975507974
3,35.53372484313857,1.351913140277309,8.457000381154732,2,25,12,1,537.9824792079354,1.9871522343568744,4,2,2,1,1,4,2,18.681151052507182,41.4465991543141,459.0132037353361
4,49.786023102584856,1.265489432433197,8.10363563487717,1,28,40,0,0.0,0.0,4,0,0,1,0,2,2,18.582186892837186,40.24720281881397,544.1818242245982
1,27.35727105140701,0.9822008002962022,3.770162485126711,3,11,56,1,837.5440324705787,2.580840674163089,1,0,1,1,1,4,2,29.39630198358972,48.63308529466207,243.73459787648983
1,45.37596610616957,1.435036521494081,9.224095994859333,1,19,180,0,0.0,0.0,4,2,1,1,0,0,3,14.17656139277378,68.32552399600505,361.6096509748902
5,37.105906993353486,1.269512618334084,9.575335153022554,2,59,236,0,0.0,0.0,1,3,2,0,0,3,3,10.19210238493994,66.16523856877345,619.2541495815605
3,46.7320431218617,1.192308441686308,3.9406828782703673,3,21,11,0,0.0,0.0,4,0,0,1,1,5,2,27.79479850916505,17.003029910100786,337.41139664055413
3,26.60097118343795,0.8776926284494369,4.1898245391374935,2,79,12,1,750.0903498349984,2.8913004242637164,1,3,0,1,0,1,1,9.37098223288933,75.37967566736717,435.06613990755534
5,55.50378821533317,1.1129388806644978,5.550707380797629,2,31,119,0,0.0,0.0,1,2,0,0,0,6,2,25.86057114610861,17.72900762721113,508.2889960313869
4,59.07211392120889,1.1222507898413483,9.47008731280306,3,41,201,0,0.0,0.0,2,3,2,0,1,7,3,8.755372386673145,54.41993559739653,642.11439203871
3,58.9107249349992,1.405194526665869,8.886874898280805,1,10,96,1,1135.2645154377587,5.316759806019832,3,3,1,0,0,0,1,21.46810835568516,57.0684405516903,661.9534863811464
1,51.237814111002365,1.182653754131452,1.923111663252308,1,63,56,1,696.8456115869818,6.127411984195845,1,2,2,0,0,3,3,8.763520331613401,57.59142410561617,423.5853992105357
1,29.55301840457212,1.0662803842792867,4.534576689442746,1,67,39,1,567.1858906058819,2.5417137970508192,4,3,1,1,1,3,2,28.07714548098573,28.574582017277365,364.4437924774464
2,51.5392118575158,1.4837602299574617,5.9803407077479465,1,79,117,0,0.0,0.0,2,0,2,1,0,4,3,19.12520706632078,33.12415642354944,515.7133575488765
3,25.860542076058053,0.877504415328421,5.52819225296386,3,27,79,1,1183.5931222116126,2.338540110672134,4,0,1,0,0,3,3,13.23184597850219,48.40738126045778,310.3976539852246
4,25.774324303514906,1.095783899818361,2.7447676114320343,3,15,127,0,0.0,0.0,4,0,0,0,1,8,3,8.508069374089873,23.971124706006886,254.4116165665545
5,36.326357670233946,0.8294172726199838,8.729350940513392,3,54,172,1,117.95030931484816,1.620369619780249,1,0,0,0,0,6,1,14.279805903649848,11.421732748334586,363.7811454537517
5,42.1025116641633,1.3179328845368512,7.092467046971536,2,32,34,1,1213.762148697307,3.589048719085854,1,3,0,0,1,1,3,22.62550087172029,49.35011181560029,659.18793852
4,51.96425962327277,1.4426535865394057,8.541175373666231,3,32,2,1,768.004926384669,2.3795102251697955,3,0,2,1,0,0,1,14.623772098213678,42.56950004084051,548.9776045757267
7,48.91533818122768,0.9960261306853426,8.72887851414525,1,35,119,0,0.0,0.0,1,3,2,0,0,8,2,11.1523534023861,55.97118443564234,743.4435014700522
6,40.60659472318619,1.4008391737593846,7.735202682991658,2,16,4,0,0.0,0.0,1,1,2,1,1,0,2,19.435236207345437,20.2690403083562,484.0572290969477
2,34.576933319858306,1.0045527613233285,4.952895411247456,1,53,217,0,0.0,0.0,3,3,0,0,1,5,3,15.44554632092799,68.8647426212896,445.773076447104
5,59.89935750551989,1.437539113150741,6.494920795138821,1,36,10,0,0.0,0.0,4,0,1,1,0,1,1,9.145155900757308,20.23550419223691,721.4087074616488
3,39.916345578259055,1.3277733325177488,2.4432886550776884,3,35,125,0,0.0,0.0,3,1,0,1,1,3,2,8.84969975693642,72.39405234160165,398.3531986276451
2,40.79854585153864,1.363434743789007,7.062808757274169,3,45,70,0,0.0,0.0,3,2,0,1,0,5,1,22.68654975554637,41.46648208169921,390.0608166234896
3,30.726833741708425,0.8126045889203182,2.6132793016535265,1,64,116,0,0.0,0.0,3,3,1,1,1,4,1,29.36679738790641,48.48636815608863,393.2496522594626
7,52.81833420624753,1.4739672499518182,7.245546314591412,1,73,183,0,0.0,0.0,2,0,1,0,0,5,3,10.82735177155141,72.76069351747921,953.3695622598972
1,49.27887790235211,1.3086696944492262,3.066383446785718,2,66,137,0,0.0,0.0,4,0,1,1,0,2,3,24.32871502078725,30.99391339339469,328.70303058697084
2,32.72693644760661,1.0133257667702933,2.05796170135198,3,78,105,1,401.376664100168,3.709833973113027,2,0,1,0,0,4,1,7.19016756126163,22.72788973688061,317.4945229742849
5,27.883336596554493,1.3805762654011928,2.487560411286617,2,70,115,1,1235.5463928274453,6.140379679035385,2,2,0,1,0,1,1,14.539397976304542,41.20261345736175,630.1367801806924
2,48.81747557261496,0.997064838890451,1.0179292169716323,2,11,161,0,0.0,0.0,1,1,2,1,0,6,3,17.667203820206424,27.105705996939477,231.10369652989857
2,47.90789249983973,1.4109276876962895,7.468656560681772,2,64,66,0,0.0,0.0,3,1,0,0,1,2,1,11.718673632244208,46.9490738078222,445.37661522211135
2,34.564083444937324,0.8788062732883559,7.591609441525412,1,47,199,0,0.0,0.0,3,0,1,0,1,0,3,18.23946041285626,29.26805051110215,384.17446455262194
6,58.28022467876436,1.292580184222557,5.634400149219335,2,38,30,0,0.0,0.0,2,3,2,1,0,7,1,27.06536069159636,70.51426749168198,759.6048957553952
2,30.287026212331508,1.1784889336514373,2.4522652094984534,2,35,74,1,1404.1621699491284,2.202814286598154,1,0,2,1,0,7,3,28.61094905887484,52.512721458040815,414.9031341137997
3,40.131718036491066,0.8675741291368086,1.7519890375962075,1,44,236,1,224.61362885441235,3.4807946002609604,1,0,0,0,1,2,1,7.513923859326237,10.016846882003158,259.2953107047634
1,58.02655720586596,0.9693256797811872,1.172160697935583,3,76,70,0,0.0,0.0,1,3,0,1,1,6,3,11.796148349605058,66.38316142758774,374.86334077622126
7,39.69045609241428,0.8086828253941204,2.4917335926869866,3,38,236,1,1385.9301426203697,6.259362944732305,4,0,0,0,1,8,1,29.478347937943123,33.11486357083021,590.2504447409639
4,47.348408168243,1.1281375758251542,9.01769981484832,2,43,65,1,1365.7591246713073,1.9497175363545884,2,2,2,0,1,7,2,11.760460260056092,32.414558890847,668.3653924777501
2,38.9158039286978,1.0108856825320005,3.173831575315136,1,50,69,0,0.0,0.0,4,0,2,0,1,2,2,22.317683778586023,36.81439684941272,328.94343217617524
5,34.59753208220345,1.2188502390084313,4.188441944954941,3,50,40,0,0.0,0.0,1,2,2,1,0,1,1,11.336342346759116,54.118376965885645,410.9579670444468
2,59.43921767859399,1.008066465396032,1.9481093603319983,2,32,190,0,0.0,0.0,1,0,1,1,0,6,2,13.909139833025955,40.94424972759561,320.2692497006366
5,39.32669022102651,1.0099433780548894,3.0012517427335323,2,12,159,0,0.0,0.0,1,1,1,0,1,6,1,9.781974697422436,54.00448825987917,450.4440027295041
3,56.29347212876971,1.3202352391121224,5.673021137021846,1,67,19,1,1455.2310408640342,6.214594412348371,3,3,0,0,1,8,1,26.40750484242863,20.274650514505467,804.5885096492697
5,33.048411206188014,0.8336999851848474,6.469774147860873,2,41,184,0,0.0,0.0,2,1,2,0,1,4,2,27.0662190954876,77.911512516686,473.0924455433698
4,32.45866464087791,1.432026496634391,3.2081708274958998,3,40,225,1,333.73025064825686,3.637046682685311,3,0,0,0,1,3,1,12.422812697885789,61.07244009587047,425.77158666637695
1,26.089692900957896,1.396584712073827,1.5195894330260549,1,52,177,0,0.0,0.0,4,0,2,1,1,7,3,25.58974560426575,27.51449750248681,350.7372574114004
5,47.80833888815597,1.2674632782584845,4.519295822146588,3,16,207,1,219.5718759315714,3.78813681067099,3,2,0,0,1,3,1,13.9560412509246,60.69189356523431,507.85100422917554
5,37.89842203033164,1.215255099075169,3.107830338337007,3,10,152,0,0.0,0.0,2,0,1,1,1,3,1,7.475485572378957,50.25178193831476,379.0685287717727
1,55.252538744387294,1.4246117486977563,2.9759853090682173,3,70,139,0,0.0,0.0,3,0,2,0,1,1,2,23.951909932301835,17.643229748246025,339.21705095847534
4,41.562346734204496,0.9297311256701002,9.638765224421098,2,23,198,1,682.7988999620966,5.99297472237471,1,0,1,1,1,0,3,19.91115622247112,22.473749875168828,498.7648887654124
2,58.88676997701526,0.85527841353358,6.546704373331517,2,61,38,1,728.3919119128042,3.9640700235958337,4,1,2,1,0,3,1,11.85956109176876,12.891569934502538,419.654757242729
5,31.49339304960924,0.9676571189366768,6.011905988548863,3,15,144,1,938.6154618989946,1.710770230566891,4,2,0,1,1,6,1,11.324993512796176,66.64666501722768,417.9339076152127
1,55.401810878446376,1.3562047950901333,4.741975931709897,3,19,44,0,0.0,0.0,1,1,2,1,1,8,1,29.39058426205803,48.61933268166645,379.62945446153935
3,52.18088984771096,0.8242691867085383,4.8604990008712985,1,39,138,1,417.4620643607223,2.819317280311547,1,2,1,1,0,8,1,26.562526022327283,32.17240540551484,469.9383594177136
1,51.98226456254182,1.2079647845584427,5.868145034542727,1,30,69,1,1404.0865416864965,5.187942828986754,1,1,2,0,0,0,1,25.24495823434412,18.844143141974,470.5836327505063
3,54.56741298409106,1.496806261333917,7.267868263324965,2,69,124,1,1371.7741501759974,5.741559423650163,2,0,0,0,0,4,1,8.20044271604164,43.88321131722654,746.6895071431652
4,51.63583968300496,1.3989872656862776,7.319314865636465,2,72,150,1,1193.806906367969,2.7745170077219763,3,1,2,1,1,6,3,23.879681856206517,46.76829427025572,782.5749756634259
2,46.91771125709954,1.1650119823305127,2.5452451693490463,1,51,90,1,127.1617438655016,3.9739235252994822,4,1,1,0,1,6,3,10.363505530082165,59.13639506863537,399.1820075109025
1,29.59357071888357,0.8445486365006497,5.501014768689643,3,60,237,1,557.809475894543,3.526713426604489,3,2,0,0,1,5,1,29.43472358020602,77.8956047312964,393.65902792856286
7,26.138416282193816,1.3819614600699968,4.7076228553069175,2,73,69,1,979.1422294800708,3.463136706108567,1,2,1,0,1,3,1,6.302229699056443,40.44618712851623,597.9608136949862
7,57.22967467354904,1.2192849557240475,8.834742696424458,3,65,165,1,485.266296482866,2.3880922792009027,1,1,2,0,0,2,2,13.80346208900609,38.42239446160585,838.0729704878561
6,46.58276100822583,0.8804530979416968,6.682770290965387,1,50,129,1,1373.4213730752883,1.8182266301767505,3,2,1,0,1,8,3,15.71619601946788,35.895100321308576,709.2377421485185
5,52.87880518416617,0.8657000993763494,5.792536597743836,2,41,213,0,0.0,0.0,4,2,2,0,1,3,3,25.60507278905636,67.88467362768029,504.7933910356954
4,41.85328230293925,1.4367387736056147,2.0385517796102564,2,24,83,0,0.0,0.0,2,2,0,0,0,7,1,24.155570450101152,20.94220549794665,385.7639239505814
1,29.105786613683808,1.2684401840566548,6.450741003910703,1,71,88,1,1372.6078243699842,2.188784450941462,3,3,1,1,1,0,3,14.37480362366474,34.066903254456264,425.5240990542819
7,29.381502727089263,1.380500759521729,2.054835151122101,2,36,78,0,0.0,0.0,1,2,1,0,1,6,3,19.139007336451023,60.747956341277366,531.9196321649328
5,48.994785053014,1.4152852301975871,4.034859180091768,1,37,112,0,0.0,0.0,1,3,2,0,1,5,2,25.889879090193254,11.098645473971253,575.2965902580905
7,40.06070632148119,1.2002406464338256,2.2855776833289867,2,73,92,1,845.3043288058409,2.898252444326097,2,3,1,0,1,0,2,5.454989803776318,30.256650652398623,621.198752814026
1,32.018365434511786,1.162212446228529,7.22866282321932,1,68,71,1,524.7099950998386,6.838868268561452,3,2,1,1,0,3,3,25.054452488111803,54.90130139282969,511.5973438027638
3,42.20580913595029,1.101299187224693,2.856269024525373,2,67,164,1,649.9747070739634,2.1623023046577874,2,1,0,1,0,4,3,28.672400633551053,23.01664686005633,405.51210733625135
1,27.247312797629693,1.0218626114537834,4.526734358692234,3,11,48,1,351.51170513747866,3.074971421857564,2,2,2,0,0,7,3,5.801613037104279,31.189739838698983,253.884237456967
6,45.36899906700396,1.1042171726010983,9.061072998569008,3,45,51,1,909.3009428173776,3.147046951849199,4,0,2,1,0,3,1,6.139524676954565,44.02315521382605,621.5079511394973
1,34.41476915522842,1.3417157590111095,2.8388474505907326,3,22,32,1,1441.171094548447,1.0507089763747632,4,1,0,1,1,2,2,13.612850139150504,39.5416496178781,195.5715247324812
1,52.91456852230159,1.2213464017105922,5.570245575629012,2,24,21,0,0.0,0.0,1,3,0,0,1,1,1,7.194239094191863,17.421903296876522,251.8245180243547
6,35.862668562325084,1.424766302968392,4.773444950494199,2,69,113,1,216.0804139522736,1.1919667608659483,3,3,2,1,1,3,2,16.981902007347205,75.67647255789427,668.6289055567622
4,40.932705217863045,1.1103660100654316,1.1631163694115676,3,31,238,0,0.0,0.0,4,1,0,0,0,3,2,23.217767127244468,13.100490440746494,331.2193926388439
1,25.406718896783524,1.2249627051031278,8.134823022155315,3,72,132,1,576.3121922317598,6.352446106561724,1,1,0,1,0,4,2,19.172480875795443,62.481992949597256,410.51686787582
6,27.53564107280956,1.241915287164392,1.6214131568313976,1,34,230,1,1298.295265427817,4.213131496515781,3,2,0,0,0,6,3,9.910797726818508,14.999593976381025,488.1879143502916
5,38.73727447423397,1.214188013614428,5.268295188792583,1,57,17,0,0.0,0.0,1,3,2,1,1,8,2,21.370282500758943,42.71070621175555,643.4264967986039
3,41.79785921509932,1.2918436411598615,6.0461046544505495,1,52,165,1,369.9754525191439,4.922667537736938,4,0,0,0,1,1,1,22.121361979472898,22.27879041587877,459.5493510758088
3,46.00071918417563,0.9662034278623644,6.655838109531284,3,47,117,1,367.5478717676029,3.322300071609322,1,2,1,0,0,4,2,28.311148892125367,19.87684575002477,357.41776296778784
1,35.20819025482561,1.1586546442820536,7.197684663770881,3,50,116,0,0.0,0.0,3,1,1,1,0,8,1,8.669922434426226,18.812858357920756,277.9646449230579
4,49.32436601442899,0.8729573619658434,3.2794514517044355,3,54,36,1,471.8226376303039,1.2686103321309212,3,3,2,0,1,2,2,22.308404122743084,41.69506456867396,400.3998898401815
4,55.10428390162216,1.0691579293513689,1.0898089899260444,1,49,221,0,0.0,0.0,1,1,0,0,1,0,2,27.78568047132869,46.08394365711046,416.75285092768047
5,52.29478461126725,1.1413669480348851,7.510992961194208,2,26,242,1,388.2422350732392,3.743382517717266,3,1,1,1,1,1,3,17.539103833015854,19.33691454799879,567.641513840779
1,26.3866588871925,1.2565569816818307,5.820909394128208,3,66,222,1,550.3609161818331,4.297733806636209,1,1,2,0,0,5,1,14.04499199657641,78.55770111863677,383.6294335965901
3,41.817743154024015,1.4653717368103425,8.52505932886524,2,11,63,0,0.0,0.0,3,2,1,0,0,4,2,9.268737355528955,28.04361208035562,401.2000632570171
4,28.67255624463612,1.2204557465838493,8.392495266106248,2,71,137,1,1420.474189570831,1.6279638034473776,1,0,0,1,0,0,2,26.66967216224394,42.11889377219482,555.4546479972199
1,33.471575555188466,1.3205157413235915,8.58993551009095,2,18,78,0,0.0,0.0,1,0,2,0,0,0,1,14.85615937101486,25.138869032133563,236.462697160931
7,59.53319076435013,1.154386241646642,5.365851939815862,1,77,169,0,0.0,0.0,1,3,1,1,1,3,2,28.12206108169231,44.57458518146819,870.151476478087
4,29.98734400155296,1.243872821963432,4.002655562531791,2,26,122,0,0.0,0.0,2,1,2,0,1,3,3,26.193957453269405,62.92116077256274,394.2771741369942
6,42.46108537079746,0.8496525512936415,8.124023823322329,3,59,175,1,309.15914383528127,2.8996146089644776,3,0,1,1,1,5,1,14.415996294929894,46.477141000614665,564.4965350144516
7,46.63545070113417,0.978074106589293,5.061647017263295,1,49,43,1,813.979111038896,3.400931637192394,4,1,1,1,0,5,3,19.34785772365656,29.995420950263867,595.3145082394881
4,49.58627396904364,1.0532971652435972,2.6509797676309104,3,67,81,0,0.0,0.0,1,3,0,0,1,5,1,5.679350907348036,27.387762611375667,431.1903922825596
3,44.587703922042,1.1307453485045595,8.69476617605327,3,30,86,1,1361.0642274310253,4.021420446421329,2,1,0,1,1,0,1,11.580535071678367,63.12540843589374,548.612344883322
2,25.341979659671427,0.8319541218516686,8.943038890951126,1,27,224,1,1402.0075289075016,5.809855538988204,4,0,1,0,1,8,1,22.75682121423124,18.276672300838428,539.6531261160438
7,36.42614578853971,0.8980168682873224,5.196787805261531,3,64,15,1,636.9943474102089,3.6492040622733817,1,1,2,0,1,6,2,21.94777364615667,35.89765460841086,597.7760498453875
5,43.1199075184649,0.993770015453914,1.6812975457880872,3,38,53,0,0.0,0.0,4,0,2,1,1,6,1,13.834236488543777,20.603790165771976,400.6260056817096
5,28.07532747006917,1.4800728836307355,4.490434809252381,1,33,101,1,1354.7307488045865,6.092605511687886,2,3,0,0,0,6,1,25.21520079773641,28.058308050613736,662.6881630304184
3,37.27194259232133,1.0319429049721356,8.231838935163431,3,26,162,0,0.0,0.0,4,1,1,0,1,1,1,10.895901297496778,20.68782627394665,284.6899376482218
4,26.16210880769783,1.1374287406784578,9.115966256916058,2,27,97,1,105.118835882509,3.942726451118708,1,0,0,1,1,1,3,16.53176332880679,72.07407559796988,398.30727683872846
1,27.750247400425728,0.9372683989168752,2.831254682478362,3,51,155,1,548.0833898570155,2.546173889135078,4,3,1,0,0,5,1,16.81326588277252,61.23329393091223,272.0567980258048
4,38.89231466705586,1.227546049753038,1.6027625082274437,2,54,1,0,0.0,0.0,4,1,1,0,0,6,2,13.520419221750428,49.2649072230983,421.0748078375267
3,29.645051391507117,0.996478250861182,8.896154078195547,3,26,93,1,421.6027971565244,4.46212241014335,1,3,0,1,1,2,1,28.86665252812918,25.70976557468732,352.9196951346246
5,44.86392968915453,0.9448948049068988,4.504644450809877,1,23,140,0,0.0,0.0,2,0,2,0,1,3,1,22.41710083787753,45.71587790394364,482.809615880764
4,49.1312739198043,1.161600839912185,5.87584867840807,1,58,168,1,152.89830923395152,2.614718515828062,2,1,0,0,1,2,3,18.47998338318254,46.458324451330064,585.7336348321672
5,53.0205344688179,0.8038540594122946,9.71259230845683,3,38,207,0,0.0,0.0,4,1,1,1,1,6,2,17.762877334716215,51.32826079577343,535.33156500877
7,32.00525854856835,0.8053648228544578,1.5990825512280056,1,13,58,1,467.5144066764319,1.2648733725247328,3,1,0,0,0,6,2,8.982402311777413,14.2059610055912,283.55302446393205
1,30.86189037906744,0.9533481663713004,6.83486206706886,3,29,68,1,173.28604980383832,6.952553122172921,4,3,2,0,1,3,2,14.304672426702457,78.10313798376944,312.22327283358334
7,28.65987441170401,0.8257049537505748,1.6669488031738036,1,56,118,1,423.3710347392891,1.782110078288751,3,3,2,1,0,6,1,21.819332868227686,42.58072794202262,444.80644462299193
5,47.27505873402728,0.875618027891484,4.379220356198504,2,18,91,0,0.0,0.0,4,0,1,0,1,4,1,28.114255492168343,74.85722418693723,433.3425374038251
5,49.72665042704154,1.037202454537126,8.234330906741022,3,36,180,0,0.0,0.0,2,2,0,0,1,0,2,25.411601484795963,10.686568029978345,457.0410599854312
2,26.10551506889747,1.361809975705869,4.90125009480071,2,24,230,0,0.0,0.0,4,1,2,1,1,3,2,12.50974509899928,27.329087694471625,297.1511062121304
2,57.767428618529145,1.2004340503585107,9.974641185126554,2,28,44,1,682.4989385721607,6.283903464787468,4,1,0,1,0,6,3,15.848915642248333,17.279689921933493,464.60723143327147
7,26.818994927801533,1.1588674081694914,6.031533564519419,3,61,147,0,0.0,0.0,3,0,2,0,1,1,2,7.072938017819864,63.87313241483401,492.88604980830746
6,43.94537173553746,1.005442176245685,3.890459373723581,2,35,23,0,0.0,0.0,2,1,1,0,1,1,1,7.554308075889519,32.40875347162979,429.4739141285149
7,49.81711818078208,1.452227603602971,2.981001933142778,3,35,188,0,0.0,0.0,3,3,1,1,0,0,1,16.755759674967877,68.83447558910228,746.7829084483237
2,55.483919331113,1.0779105288660342,4.154684808575457,2,35,90,0,0.0,0.0,4,3,0,0,1,1,1,18.255485170427505,68.26697560010999,358.25886732774126
5,49.993042624634974,0.8609649367570401,4.352799463835957,3,55,93,0,0.0,0.0,1,1,1,0,0,7,3,11.600677392422847,56.74563549645989,460.9417147312326
3,53.06048290744272,1.231946561282461,1.6184230995156488,3,58,57,0,0.0,0.0,4,1,2,0,1,7,2,21.06956722964853,56.60472624807839,516.9745582412141
7,36.880756738998215,0.879686875433621,4.326167794840958,1,62,236,0,0.0,0.0,4,3,1,1,0,7,1,22.584517139503443,59.01117844511945,577.4325195947243
5,53.518878981127926,1.0416561999611844,5.178146677653024,3,12,154,0,0.0,0.0,3,1,2,0,0,0,3,12.477903290298944,57.163468424084215,434.96558762628894
3,27.80401962346363,1.155188357102466,7.504639770149242,3,75,153,0,0.0,0.0,1,3,2,0,0,0,3,23.960618142688546,37.08358503790444,400.66115569067074
3,56.31858296211847,1.411955767279623,6.910565362494472,2,51,127,0,0.0,0.0,1,2,1,1,1,3,1,10.140122975978334,57.79793511979822,574.6399822509723
2,44.16573316538077,1.1454826062380832,7.378890897062388,3,28,6,1,167.84992546615126,5.272431953487583,3,2,2,1,0,5,3,18.606284431889343,72.8184878434651,373.5097024747293
7,53.60542194868728,1.291581136222165,1.075273136891714,1,26,169,1,394.3866490626059,2.070704044590249,2,1,2,1,0,7,3,25.10702733905433,33.28014443136365,780.5578680856323
4,40.8311399581405,1.494971787299349,2.9590065962248246,2,42,46,0,0.0,0.0,1,1,0,0,1,1,1,18.42522714206388,76.14223183504676,501.320871811885
1,47.525219331878375,0.8920423839285871,6.955158595598708,2,58,52,1,961.7736724704508,6.642382203673265,1,1,0,0,0,2,3,27.699067963026263,10.95071115291388,484.05085075562647
2,43.42409313276396,0.9923120678636635,5.3559043136177245,1,65,186,1,155.3805091876584,2.5639982953726106,3,3,0,1,1,5,1,6.462530821865896,34.4357776785666,440.0319925185455
2,50.605633261436616,1.0762032529183525,1.0478212810151135,2,72,37,0,0.0,0.0,2,2,1,0,1,3,1,19.707846137286797,19.24688812101181,349.99845634886395
4,27.857049371070637,1.095279724977182,8.240451781886401,2,12,196,0,0.0,0.0,2,2,0,0,0,1,3,19.043886313609757,18.863388033151654,323.0216178440506
1,27.11232293966973,1.087714752685882,7.955286159613037,2,58,214,0,0.0,0.0,4,0,2,0,0,6,1,21.50883321356712,67.08006458080979,396.7341449445565
5,33.64861319035512,1.4353277017895885,5.935772466942064,2,64,219,1,993.395863522777,2.01300163991542,4,0,1,0,1,3,1,25.83517096700769,74.2857820325086,648.3892641141198
6,30.58406380396159,1.2998228511267995,1.598169931986449,1,35,225,0,0.0,0.0,3,1,1,1,0,7,2,23.146327108459875,64.44307779630898,473.23630054206063
7,55.512424830727056,1.2255336498634928,7.898635445793261,1,61,52,1,230.9281730370733,5.61550335544952,2,3,1,1,0,7,1,24.757068384321045,78.3631003294792,969.5966935577948
6,32.67248955753155,1.0165609025039477,6.253422289582275,2,16,142,0,0.0,0.0,3,1,1,0,0,6,2,12.220418142940538,25.143027911638956,386.9510738024587
5,59.1552839536696,1.3766532689549065,8.037639794421633,2,55,223,1,280.25621231527765,3.0232122110137167,4,2,2,1,0,8,2,14.687434464224117,19.85599385467833,795.8459326062299
2,36.791352711988736,1.4685423580394923,7.765722931562564,1,55,153,1,1426.673121928934,2.5750516255992646,3,1,2,0,1,3,2,20.66942435115576,46.44926474277295,609.0208089550022
1,31.374127049104477,1.3748387977851586,8.227018647620534,1,25,47,0,0.0,0.0,3,1,0,0,1,6,2,18.836536798123383,68.03263303198327,390.0169719596527
2,52.63944774998677,0.801095573634031,5.662072597641624,1,33,94,0,0.0,0.0,1,2,1,1,0,0,3,29.027596874263413,12.78873635866418,327.2673847246798
3,48.054772142530666,1.2454809591283849,2.262920663741635,2,70,146,1,1172.82569956646,4.511565253059079,1,2,0,1,1,3,3,9.670862498360483,79.68959626999174,588.7979959184039
2,42.436850075859866,0.8357947670094705,7.040417260417198,2,63,136,1,797.1280296151695,3.156033943094723,1,2,2,0,0,1,1,13.78195931127854,52.1572150443726,416.16495777204216
2,44.43772428281709,0.9803250542336052,6.584264065467735,3,71,63,0,0.0,0.0,4,2,1,0,0,8,1,19.31888083212137,78.52592685269641,470.2488598807568
5,50.17206223952924,0.8416672902434402,7.680278684791784,1,10,92,0,0.0,0.0,3,0,2,0,0,4,1,26.6990942484038,35.55571432636439,494.7554836468945
5,32.99591594659545,1.2226568170645715,2.5289290544566176,2,58,181,1,1314.0130114015708,4.846036343924208,1,3,0,0,0,2,3,28.233713117274792,42.06166743735125,576.7728681374447
5,59.871687061985966,1.280612939444825,2.754776799102603,1,34,124,0,0.0,0.0,1,3,2,1,1,3,2,13.400908270689964,62.66530096781744,660.2188708350536
6,59.11776067513741,0.8801413466461336,9.013685654973957,2,19,249,1,165.75019137073423,1.9835215722816693,1,2,1,1,0,5,3,6.677711538158791,65.48903153929231,599.2144263487991
3,47.76139902214279,1.0686872181314857,7.749800186068637,1,25,178,0,0.0,0.0,4,3,1,0,1,0,3,15.540492448054628,26.31231373451682,420.6862574059573
5,31.98398578252008,1.1193655562688796,9.174056398302906,2,67,38,0,0.0,0.0,4,3,0,0,0,6,1,14.858603580837675,75.0860760415406,562.4378190804955
1,48.8079884850952,1.0583371152326415,7.8284378904752865,3,38,3,0,0.0,0.0,3,3,1,1,1,7,1,29.66217669824224,70.719618528431,425.69902950052455
6,27.526944314271155,0.8847175003396351,6.374397753912717,3,15,125,1,420.1390519384447,5.373223056931574,3,3,2,0,1,6,1,15.776531107269737,11.2743712172239,456.2967666053975
4,26.072837577203213,1.0932634531312329,6.887194633250863,1,25,2,0,0.0,0.0,3,2,2,1,1,6,2,12.643074982580735,18.999767409862816,468.5029104685241
1,34.01890109789248,1.3258246334658927,9.00215131546009,2,29,247,1,128.17041059430366,2.673231557565789,1,1,2,0,1,8,2,14.13443436337335,44.72679744849472,406.3618680882338
7,41.19180348587607,0.8497053651732789,6.209260790607464,2,52,63,0,0.0,0.0,2,1,2,1,0,3,3,14.923157015595349,42.26688598792279,494.1302981632629
7,55.38953768929332,0.8561260098573324,6.691521918955487,1,35,28,1,763.2826095201921,1.3795760309240488,4,1,0,0,1,6,2,25.5385095549154,59.58735985243848,688.4752363242424
1,50.45091744182078,1.0483399042851889,2.408290444032405,2,42,115,1,725.4810223754496,4.618083180187529,1,0,2,0,0,8,1,7.025372320781605,16.279796323712382,332.4988184805335
5,50.99472824199934,1.4592079981332475,5.265290981044925,1,35,10,0,0.0,0.0,1,3,0,0,1,4,2,12.912676221875667,55.13987146879886,630.028091558259
4,39.89226670568264,1.2680008527060398,7.44757400762289,2,54,96,1,1247.1575233530898,6.362645126571669,3,2,2,1,1,1,2,29.15796229767749,53.14589517942077,696.2469355663503
4,37.107724739143706,1.2750689696707953,3.4384842848472887,1,72,101,1,603.7548608911931,4.178854342420324,3,2,0,1,1,4,2,8.82756261997,26.353371893463105,532.0073190949172
6,37.986356704461095,1.0533439935865054,2.820287624720814,2,76,185,1,857.07188382076,5.016090104576777,1,0,2,0,0,3,2,23.56503303831475,47.96757749878796,657.0716740556563
4,59.56773473076203,1.215562553845977,3.82444127401974,1,61,202,1,1048.2209608699231,5.989443555462716,4,2,2,0,1,7,1,13.90983752995726,25.554504489718735,730.7770421543745
7,26.40382169943689,0.8070918288194204,3.173505651935501,2,77,154,0,0.0,0.0,4,1,0,0,0,4,1,19.544638154863136,20.28461189704245,374.12639788637466
3,55.3461023642857,1.2452672324866796,2.934213733327563,3,35,224,0,0.0,0.0,1,0,1,0,0,8,3,7.488700962722051,50.11944542578494,404.0237139476413
5,45.25363930003377,1.4393008633033657,4.823657585812782,2,11,20,0,0.0,0.0,2,2,1,1,0,8,3,12.660291683848664,78.42319948103992,573.7184632450368
4,40.35153967163566,1.2288014278413737,9.170546624951808,1,23,38,1,659.6073713641986,2.889599364753595,2,0,1,1,1,2,3,17.521623541522207,26.585334442022152,528.0898481768069
6,50.38401811452978,1.4115890154264417,5.563536820648465,3,39,222,1,1435.1850770883912,1.7738734475629916,4,0,0,1,1,5,2,10.79251645439646,34.87353045486063,717.4925672914526
7,42.0334129498646,1.3067811388262656,2.691283427337907,2,58,101,0,0.0,0.0,3,2,1,0,1,5,2,18.5467485763288,27.960125819303272,675.1868719939388
3,55.56981333285812,0.8843908914825832,1.6927450244278668,3,21,45,0,0.0,0.0,2,1,1,0,1,3,1,10.493982851567909,28.65218751525463,273.90242902140284
2,56.52456524039405,1.4317173151000893,7.265405306241327,2,53,65,1,277.0499435649996,1.1858236205350607,2,2,0,1,1,2,3,21.252513816263846,38.29344939306765,441.0845432456263
2,39.76023244057094,0.8465106910490424,4.445188879927491,3,42,90,0,0.0,0.0,3,3,1,0,1,0,1,27.608858506257857,59.12988574554341,283.0306534812296
3,34.688972903226805,1.1737772307834349,8.396478519268234,1,22,163,0,0.0,0.0,2,3,1,1,1,6,3,7.137215933789285,12.71631668216616,461.83461455199705
7,45.73226150076768,0.8994959866554204,6.935596917766931,2,35,202,1,1024.6576099102035,3.522012335172993,1,2,1,1,0,4,3,10.415400894402158,76.99869369798921,627.7077372994721
6,56.93271709658418,0.8081946275116328,8.166173054872317,2,30,110,0,0.0,0.0,2,1,0,1,1,6,3,26.110575681508248,13.239591564247323,575.8827320103275
3,32.37317661519833,1.0954239820893474,3.4475143547660387,1,37,81,1,378.5016917130537,6.895914468961415,3,3,0,1,0,0,2,20.78883713604894,71.68772273611918,401.2381022978931
5,46.803830424721895,1.0065284953579094,7.231230302149523,3,57,122,0,0.0,0.0,1,3,1,0,0,7,3,6.967722928564131,72.60646691333991,551.2744536316379
5,47.104607703238216,1.140200345658322,3.376557862243469,1,49,192,1,184.95629653095523,1.9698261627075508,2,2,1,1,1,2,3,17.158752877737385,46.71424313140663,542.9903400654084
2,50.65895578453484,1.2040399207141856,9.451616315052624,1,75,190,1,678.6794438196691,6.435096339995835,4,2,0,0,1,6,2,10.243962875283376,19.589778003327723,603.9652623142579
4,29.604868979454093,0.8306173506162632,6.7273685338003695,3,32,98,1,865.2609155291394,4.097486939200363,1,2,1,1,0,2,3,9.977409851751744,49.56021793898607,384.7921748610659
6,50.0538737638731,0.886102306586622,3.920606201578079,1,57,34,1,710.4657637660107,1.9224958726175083,1,0,0,1,0,2,2,28.51613358401309,54.00425119319948,567.7398108014345
2,56.81613822329744,1.1910496775152977,3.425606760630454,2,11,158,1,1148.1410453513872,6.5303600167099685,4,0,1,1,1,8,2,24.038538701902723,70.0431270464978,519.9891161842003
4,31.28890881045847,1.0402171472208608,2.718339265644792,2,29,155,0,0.0,0.0,4,0,0,1,0,1,1,22.405764838103597,48.56267630386988,295.3242077370127
4,33.314016372335715,1.3104214412846136,7.25176863004355,2,68,102,0,0.0,0.0,2,2,2,0,0,3,2,10.973220426946463,38.74965771323368,511.6565127069731
5,58.998828291457386,1.2566041540143578,2.968440516981346,1,55,128,0,0.0,0.0,2,1,2,0,0,5,2,7.9643358260237616,68.68038356978798,687.4736974609539
7,31.334193344832144,1.3919230540929348,6.357729393347402,2,12,24,1,371.7802786243611,2.2020389265786537,3,3,0,0,0,2,2,26.770815532133756,78.66662581468333,538.538665420619
1,54.90347826793527,1.2847449786684575,3.381715242328216,2,64,42,0,0.0,0.0,3,0,2,0,1,6,3,5.146989233561273,55.15722436105533,390.030609296659
7,42.22972497568122,1.1009517541731038,6.9577205031448175,2,21,229,1,1408.7508566213216,5.1297579905635295,1,1,1,1,1,6,1,14.70241059252549,71.20709261119666,786.9429908103084
1,33.65308760411119,1.2710766356761027,8.334457556864852,2,49,83,1,1268.9394850729636,2.3183365006623813,4,2,0,0,0,4,3,11.94031257403334,51.9114578980345,393.7323918445089
3,55.4762465445379,0.9927668219787932,8.002227188301879,2,75,194,0,0.0,0.0,4,0,0,0,0,2,2,19.25940500872059,58.2851593987214,530.2210972387762
5,40.58568392509329,1.014419449144749,7.847661978377036,2,25,190,1,524.4914712635448,5.692010953563648,3,2,1,1,0,1,2,11.262710897145867,58.17169822842432,522.1283622009405
4,43.01860738753916,1.352289611944555,2.6895016512302687,1,43,50,0,0.0,0.0,1,1,1,0,1,3,1,12.780133983207698,59.33508907881857,478.7780733056963
6,37.5731679289918,1.1124936614811076,1.7954645228606685,2,53,129,1,758.9883262423124,3.719570635155158,1,0,0,0,1,3,1,26.25099637482984,32.470941075004355,548.8541134433553
1,45.75327980022246,1.3588662383628467,7.290539456386471,2,15,209,1,320.32021668987454,5.753139629651471,3,0,1,0,0,7,2,20.07972058511297,50.29629773901986,320.4644674897985
7,30.7233355404758,1.3756956615677949,4.315124924149162,3,73,125,0,0.0,0.0,3,0,0,0,0,7,2,8.64206318323421,51.58949087816568,527.7413876149935
4,38.68785378281162,1.4002936363628986,4.891116037630126,1,31,235,1,1425.6640592447236,4.928654507705561,3,0,1,1,0,4,3,23.16178858739579,32.05501386992624,648.667035531644
1,58.92943128173506,1.441644665088845,1.2803418351405196,1,27,191,0,0.0,0.0,2,1,0,1,1,5,2,10.18648003699696,34.48966573925646,273.89450628524173
1,34.03467014453946,1.101689654359307,3.3361880434754427,1,21,201,1,435.9284652130838,2.644070682313285,1,0,1,0,0,7,3,15.825123252812002,63.35727355117003,285.430922601051
1,47.985783258945226,1.023206772824797,1.303087634870176,1,61,68,0,0.0,0.0,1,3,1,1,0,0,1,21.165180920982333,50.79066884320744,292.5100319573111
6,36.38165224786432,1.2075391226158798,8.912671953411229,2,60,8,1,1399.91085272129,1.700824646403712,1,3,2,0,0,4,3,11.79823843643718,20.4447803574218,651.8368784869546
5,52.071559399031024,1.0598206964063397,3.190570148966774,2,57,1,0,0.0,0.0,3,2,2,0,0,3,2,14.602670366894806,68.63458920780106,580.3971412889665
6,29.58057812514225,1.220751916760163,6.016034526157073,3,28,161,0,0.0,0.0,3,0,2,0,0,3,3,23.353739932603773,71.81800009520238,476.6274353006533
2,58.94373657774906,1.2939101038506773,1.3508138859501737,3,15,187,1,1376.2076421682737,3.731972498851613,3,3,1,1,1,1,3,28.447773835608583,42.62988035704699,426.3315574335155
4,40.882633948427376,1.281883512944496,7.001626521750922,1,36,229,0,0.0,0.0,3,3,0,1,1,0,1,18.231126423986822,24.623520241604886,478.7017275548452
5,33.26176621712624,1.062187020914085,3.907246111786845,3,62,188,1,970.1102355933176,1.6268819005237485,4,3,1,1,1,5,3,5.249274288915569,76.33245467834337,530.4624940886163
5,27.572386156550444,0.916802141189127,9.081272682618993,3,57,158,1,154.31923662044244,5.321607543684373,3,1,2,1,0,6,2,13.461593781045762,71.75886951637034,507.2513145708048
5,30.941526678063926,1.1013705369235454,8.993063700406323,1,16,9,0,0.0,0.0,2,0,1,1,1,4,3,14.965858371138362,27.106722243928697,480.05054764941343
7,43.19208819946061,0.8998159008573361,3.92761556525573,1,68,113,0,0.0,0.0,4,1,2,1,0,7,3,13.479340500056102,16.69156154118882,571.3430879900084
5,36.795111175095016,1.4230679246286655,9.108648061214213,3,78,75,0,0.0,0.0,4,1,2,0,1,8,3,15.906721527889069,40.84575252843747,689.2538820943641
6,54.01091780589133,1.0421142225165,9.96541906148901,2,20,163,0,0.0,0.0,3,3,0,1,1,1,2,20.816656345459997,57.34778905456177,623.1924751550167
5,40.08106332816321,0.9081218230563268,8.428740977115533,3,24,245,0,0.0,0.0,1,3,0,0,0,3,3,8.028200674943829,22.277200965396084,375.5596025474607
3,33.704999540567044,0.8178134319340257,8.60384212979706,3,73,84,1,846.9762069750112,5.53923150097184,3,2,2,0,0,8,2,11.815762721687635,45.92488609022236,543.7730850157993
4,46.60007453114105,1.252075670400539,3.2410786249818093,2,12,48,0,0.0,0.0,1,0,2,1,0,4,3,17.691202150440613,39.77908459907617,390.81857650733497
5,49.737202590990606,1.2458316222183203,6.190321589719807,2,78,238,1,437.742070453239,5.1610590222779225,3,0,1,0,1,2,1,12.889332704499378,72.33858041386259,737.6374589174021
4,30.846466776533244,1.038422916606904,1.605303225706311,1,32,69,0,0.0,0.0,3,3,2,0,0,5,1,29.777133453383986,40.069664296499,354.0583163517735
3,30.86667257009112,0.8501983221933558,1.8542614313950276,1,62,239,0,0.0,0.0,1,3,1,0,1,2,1,15.785786675937208,47.36434756145263,331.81839405107587
3,26.283499942674005,1.0867402264266626,9.990033508299616,3,46,176,0,0.0,0.0,1,0,2,1,1,4,2,26.744978839805405,76.87003372012757,483.32283468760176
4,50.77407052729742,1.0178522465443756,3.939753244833199,2,18,130,1,491.5433991650205,4.82015748614765,1,2,0,1,1,2,2,27.41274589034661,30.97842361121952,467.89420013563046
1,48.23315846676318,1.2739844478145066,7.733655208439617,1,24,201,0,0.0,0.0,1,3,0,0,0,5,2,25.900174993058748,30.22936523593589,314.5044136882848
2,41.61208065124349,1.2240454746168834,8.259985477241347,3,12,132,1,805.9688451102442,5.062442275950688,2,2,2,1,0,4,3,6.172456023629195,65.97165559594299,422.7922619621951
7,54.5459657139219,1.055215609738278,8.722209439065063,2,79,237,1,1311.9030509218246,5.633441655359659,1,1,1,0,0,8,2,28.693668290333783,29.427729030077806,959.6847889059528
1,53.19845535325186,0.952524787978493,9.978654676619408,3,26,217,1,437.8895853724998,3.839279121306392,3,3,1,1,1,2,2,8.218564053329423,68.23061090512435,370.7518184312565
1,45.48740275388633,1.4916251763089143,3.1734683673118105,1,35,188,0,0.0,0.0,3,1,1,0,1,5,2,5.860090692857362,16.687492655315147,333.2139052988987
6,55.38949481796405,1.1178011348372805,1.3631574417372974,1,30,212,1,598.9666301895306,3.737955542934391,2,3,2,0,0,7,2,15.359240197663938,17.78828731166279,630.587190704881
7,32.204442351286886,1.281791965046166,4.700723661951274,2,30,236,0,0.0,0.0,1,1,2,1,1,6,1,9.865850818946402,73.09263619139402,616.8302914993558
7,28.91718667892048,0.8983870773048526,2.1707260284605225,3,20,89,1,870.9667625727125,3.987215083085915,3,3,0,1,1,5,3,9.604913241580904,47.85685977377047,425.2173647669879
1,34.441236403094635,1.1399127897615786,1.2018330024584962,2,47,229,0,0.0,0.0,2,2,0,1,1,1,1,12.195490334403765,60.31699866859671,218.35878866805533
5,26.99803996312602,0.8192757039086259,4.243841444273375,1,44,235,1,1443.4290066529277,5.808112349621491,3,2,2,1,0,6,3,11.210140131171372,25.7702224303781,597.0579818083864
6,43.59093348003612,1.153818582537315,8.053644259677128,1,23,25,0,0.0,0.0,2,2,0,1,1,7,3,22.119885053753823,21.63920578674758,672.4225210166868
6,57.78119923032365,1.4748121849823916,6.095626221025638,3,23,71,0,0.0,0.0,2,1,1,0,1,0,1,9.669432665901752,68.4467983562848,696.8689521653233
3,26.37702392339784,1.0689446990900602,3.8150019028931865,3,19,4,0,0.0,0.0,4,2,1,0,0,8,2,18.577957629931465,35.103638491627414,239.23038876370055
7,29.27384699035094,0.8272972088024382,6.889078049434477,3,21,14,1,156.09672088757333,5.957304254651321,4,1,2,0,0,3,1,29.660663653588244,41.85228333853961,398.3543870042556
1,40.82696598992023,0.8216690536435405,3.0881636227792963,2,47,122,1,1478.0507703396577,2.3657952149163544,1,3,1,1,0,7,3,15.80956052390722,11.958032809275128,304.08901855542103
3,57.685625613476674,1.0715907319628086,1.1294330146487652,3,43,143,0,0.0,0.0,4,1,2,1,0,6,3,21.04682771988591,37.01165139350765,412.9180926649603
4,36.06546367418627,0.912017455524236,7.8791804779278465,3,50,0,1,313.11949948361354,5.8365804877644845,2,3,1,0,0,6,2,29.23429194324684,63.930646568748486,502.007706480414
2,42.753218304093735,0.8163464674297302,6.613687763776082,1,19,143,1,1033.3923975550397,3.120864850770273,3,0,2,0,0,1,1,8.440974951034107,67.48926241003186,389.2753820694357
6,26.455050066763725,1.329349529765124,7.86072362050864,1,26,164,1,498.00360473364304,4.853257822016184,3,0,1,0,1,0,3,15.465175232326237,58.912835221777925,589.8819877560063
4,30.19201203367311,1.1209661062173235,1.3504421501889905,3,26,2,1,920.0895793034666,2.473789444292887,1,0,1,0,1,3,1,26.254810004881357,58.45258134806196,377.6894263296849
4,59.53205430355964,1.0024713403808585,8.53407665047587,3,76,179,1,921.4750709824276,1.6556766722089595,4,1,0,1,1,1,2,28.307642068621995,45.436748661801055,622.3452667260002
5,58.77915437526159,1.4300582281115366,6.57573580032673,1,71,46,1,724.0217492640169,5.766305350557138,1,0,0,0,1,7,2,20.030901448972628,47.68305304818761,873.1866143535373
2,25.172899332704336,0.881297272140368,6.070558156413761,3,10,94,1,1270.5660617630597,1.593811740452241,2,0,0,1,0,6,3,8.585515063505584,61.98422227692004,266.3701357765246
4,58.313412489813366,1.4691431802687234,6.621526433030784,2,21,12,0,0.0,0.0,4,0,0,0,1,7,2,27.53678959869137,27.3111259179406,604.7630191597502
4,47.369197823542514,1.019776702164147,8.779899221815278,2,13,119,0,0.0,0.0,1,3,0,1,0,5,3,9.361164154773563,26.20619477722392,390.2993574277606
2,55.37714030820077,1.4218825706160767,6.282428559030164,2,51,207,1,852.76898002736,3.078815722472003,3,2,0,1,0,0,3,13.821946208302965,76.49473767398382,538.6613500733241
2,40.915894947185066,1.2220600135356232,6.228553418993614,3,22,54,0,0.0,0.0,3,1,2,1,1,8,2,14.387699444056544,11.938292073114276,367.28461281437865
4,43.04586100027376,1.3786951518190411,9.916112413591891,1,13,234,0,0.0,0.0,1,0,2,1,1,5,2,16.1822884968157,19.762582456562708,612.048175631586
2,42.10963030899221,1.488809214247325,7.810571503617112,3,78,148,0,0.0,0.0,1,3,0,0,0,0,1,24.75414539827374,49.92326983408736,448.3856093881865
4,48.34024901411365,1.001883806473122,4.980644249060218,3,28,65,1,1004.4657217352344,1.2458693334993427,1,2,2,0,0,0,1,25.053609452562117,61.6484387088844,445.6000253644797
4,29.88779391647095,1.472794839785315,7.366573000296349,1,11,181,1,310.8553342959268,5.2303797052322745,2,2,0,0,0,7,3,22.991376831952856,47.65237580895082,455.7533374161976
5,26.049075645543727,1.0726373264316944,4.503074245226096,1,21,154,1,1405.70734075947,3.7059190158900623,2,2,2,1,0,5,1,5.553216860539541,34.854479731541886,517.9802742186037
1,35.77754795569168,1.0698583333158456,3.059879162351491,1,15,165,1,636.282328989405,1.6045170637574575,3,3,1,0,1,7,3,19.12112755542879,78.45832835470773,319.3873222654899
4,49.66382669578263,1.038270972978154,6.371666891989835,2,17,89,1,1121.329990767014,5.245136913868257,2,0,2,0,0,7,2,23.687323897035,59.269687959299205,631.0201453222594
3,32.06487082430319,1.1789853251433096,9.353638883025564,3,60,185,0,0.0,0.0,2,2,2,0,1,7,2,16.11563100153857,68.19735887469554,535.1511468604855
6,48.5701351663721,0.907901530224941,9.362255680139164,1,20,61,1,387.2620000667298,6.221180142953453,4,3,2,1,0,6,1,28.623401134134912,12.817281193174283,638.7706315610404
7,58.94692161375446,1.1875980397506078,4.077147502949413,3,72,101,0,0.0,0.0,2,3,1,1,0,6,3,25.59526304700877,26.514407733136856,768.9752745502601
1,28.28652505262964,1.1791933686870029,5.749097195995255,2,66,173,1,1329.5534548252851,1.76387127248035,4,1,0,1,0,3,3,20.95387663717077,36.191976551410605,359.4410242900737
1,48.54107413787942,1.3333312688234091,2.904723087128751,2,21,216,0,0.0,0.0,2,3,2,0,1,8,1,6.560629592062835,22.78209786575946,322.6546258005282
1,40.53125767565999,1.38355497335631,9.960679985489952,1,11,138,1,1401.818675211431,6.761598150952399,3,2,2,0,0,1,3,21.308656189578453,15.102949089640305,560.3420974185531
5,55.38497890321269,1.1083089452186967,9.830061170811422,1,17,199,1,777.3156552159148,5.159016161523076,1,2,1,0,1,8,3,27.789490031305476,25.756416521627614,822.2443021287202
4,31.200242630658508,1.0116332745460457,6.845580367367026,3,20,7,1,786.6287354303299,5.8082292127818205,3,3,0,1,1,2,2,14.486134672023786,47.35449418659298,445.84688143884784
5,49.24190832791576,0.9815344281219662,8.23972653709726,1,62,96,1,267.64550390074464,3.385809914396518,2,2,2,0,1,1,3,25.953313140134025,58.70216738496937,648.0774199483299
4,54.334035137683856,0.9362366856934105,7.4359014515533,3,19,116,1,1223.7187418131075,3.0178763650297333,1,3,1,1,0,3,3,12.829028571554474,64.18146460755567,516.804819109098
5,58.061497681590815,0.8403533075393175,6.338423971355214,1,17,198,1,445.7515774538875,2.40690404069902,1,2,0,1,1,4,3,19.252582288682568,13.005530840740196,534.8041452043805
5,48.91368099013761,1.0397135851842991,1.4801319729000793,3,45,63,0,0.0,0.0,1,1,0,1,1,1,1,21.21061045926956,39.959032054881376,421.499384278776
6,42.40111674029495,0.9891733844915483,5.092879082973949,3,23,229,1,1375.1539084625545,4.310972401205011,4,0,2,1,0,0,1,21.94987593897237,18.554810850975716,507.3193601323884
3,46.62465340704249,1.4764921701064853,7.073076719506695,3,63,20,0,0.0,0.0,3,1,2,0,0,4,1,27.063732861608703,40.18402705112703,472.0999868201141
5,55.41167445675514,1.1903961783750308,7.097784524953162,3,30,199,1,828.322684744326,2.542711023992167,4,1,2,0,1,8,3,10.865556675157052,40.37830943842066,656.375822494112
6,44.97134113235904,1.0430939273213553,4.358103565801452,2,59,114,0,0.0,0.0,1,0,2,1,1,4,3,11.559239632224369,44.87481806985706,564.3769948033419
2,26.06354708938929,1.2063273206955871,9.475227879922276,3,48,245,0,0.0,0.0,3,2,1,0,0,8,1,22.60102483276842,72.49814383842676,400.84597795606254
3,57.583204342744224,0.8974376909419869,2.506213290131029,1,29,190,0,0.0,0.0,3,0,1,1,1,5,1,9.429845312100952,66.35668518368627,405.4699004681093
5,49.13343628610464,1.110830624441542,5.503235015940046,2,16,84,0,0.0,0.0,2,3,2,0,1,2,3,16.606760124099008,54.57045915954743,487.9479236588079
7,48.677968502203626,1.2383640249947447,7.217955788957405,2,18,191,0,0.0,0.0,4,0,0,0,1,3,3,5.500859601930379,71.97851260534716,692.7588764896017
1,32.5486303339201,1.142228482254716,7.2742222530262834,3,10,247,0,0.0,0.0,4,1,2,1,0,3,2,8.524483424752853,57.49280315532364,244.7157969270785
2,48.060991458143,1.0812451604580269,6.83775061091934,2,35,19,1,316.7797542683184,3.694740483581505,2,0,0,1,1,0,1,21.971159625721537,67.31984725341526,413.15831160373153
2,38.78525419789555,1.4956938722297888,3.4775939210667417,3,47,7,0,0.0,0.0,4,2,0,1,0,2,3,23.68654008704385,49.46448106888887,359.6090331702301
6,47.79315419645222,1.416220333504249,2.4058591181795976,1,47,57,1,611.0665933696421,3.6135349480762544,1,1,0,1,0,2,1,7.882975830946921,46.76527761416305,702.8892283263707
2,28.73075606077968,1.236384170711608,6.723462941440398,3,70,45,1,705.4120334031043,3.4890811018095698,1,3,1,0,0,0,1,10.692738760279925,60.68680699406693,402.6034495734073
3,48.02458566110626,1.198564152827598,6.393719045254939,2,53,30,0,0.0,0.0,4,2,0,1,1,8,1,7.472611163426277,11.378251838302576,494.133195611709
5,59.979480401973326,1.2344623358772089,2.6142040926031687,1,53,241,0,0.0,0.0,2,1,0,0,0,0,2,15.83532109812792,58.32643001419964,615.6293668336815
5,26.687421360119465,0.9409184754757032,7.34625231013507,3,71,248,1,805.1684657324225,5.999627692215087,3,3,1,1,1,8,3,8.152901768615832,75.41627528830553,696.6025540814661
7,59.2010964477461,1.0765964202850231,5.096547925602907,1,15,92,0,0.0,0.0,4,2,0,0,0,0,3,15.932400429172253,59.97594558787279,676.5162596844083
1,39.24177862530047,0.8276216730236295,7.009845324428376,1,26,239,0,0.0,0.0,3,3,0,1,1,1,1,23.30245639502829,12.575560700805294,275.10815783311693
6,55.47637076180407,1.1328822262407787,8.536303717931357,2,60,8,0,0.0,0.0,2,0,2,0,1,1,3,22.08471582858544,36.45199485409067,687.2696886875684
1,52.38349194203957,1.1801172087703642,2.5275558571923087,1,47,14,0,0.0,0.0,3,0,0,0,1,5,2,12.01151217129613,66.67069115899002,347.03957458283446
2,44.84556913453338,0.9594248152722468,1.17230381197153,2,33,93,0,0.0,0.0,2,3,0,0,0,6,1,21.84406373117331,77.1025985031094,278.7997209237531
7,50.84572232379642,1.4748201930158595,8.011923277562081,1,60,153,0,0.0,0.0,2,0,0,1,1,0,2,28.192803272489424,35.9114348945464,877.2248828895969
1,55.748044645547175,1.4366182276560693,6.487276826373543,3,19,137,0,0.0,0.0,1,3,0,1,1,2,2,13.688109677122888,68.88358391138357,311.8339371268737
3,39.14491125778616,1.305500264819134,7.296756126599095,1,30,28,1,705.8739143914711,2.282807263976397,1,2,0,1,0,1,3,13.227978842440164,70.4666912711059,480.35880123923806
5,36.44616065471335,1.1733706401357538,8.543394774897783,3,79,245,0,0.0,0.0,2,1,1,1,0,7,3,19.285966287050435,18.630047952823503,590.02020652584
2,48.365768494725465,1.4089784117533797,8.225298413420504,3,66,79,1,1007.3429781655,5.098417451140745,4,3,0,0,1,8,2,11.137545275686795,69.20519267030812,607.1883148337027
7,53.27460796794405,0.891456640676424,9.648281322359422,1,48,35,1,125.70173759891354,4.964364358654909,1,1,0,0,0,1,3,21.2894731995063,32.69749269470306,674.2519471833197
1,51.67997971718155,1.3533568559924194,5.823415709669064,3,42,83,1,1015.5919099883477,6.703638229479237,2,1,1,0,0,1,2,25.806544266812026,51.52664050957921,462.5656553108541
6,52.92347771005221,0.8873745697767939,5.396460693939148,1,68,108,1,966.0192087009616,5.378070481883448,3,3,1,1,0,8,2,16.482962627465803,47.72734835494947,799.3295452062764
3,40.24541601845266,1.3559474637845836,4.616984799016571,1,27,117,0,0.0,0.0,3,0,0,0,1,3,1,21.98768312320956,56.41377046152844,415.2126807909193
3,53.62419756612576,0.9930372977759498,2.3832193855978407,3,65,36,1,220.11199885928528,6.305471043573725,4,2,0,0,0,4,2,21.29713559707488,61.83252556613112,387.7884738572608
1,29.207316937971296,1.4139634067127322,6.153465095938202,3,66,85,1,227.3096298782576,6.176050977674355,3,1,0,1,1,8,2,5.966639046189738,40.861676833300606,382.334746355166
5,44.057118428629735,1.4608294656777785,3.493112718933809,2,57,70,1,1392.51324577932,3.659921924636192,3,2,2,1,0,5,3,9.585407379394413,72.18175755043927,754.4436565001638
1,25.20155311743425,0.904157178583581,9.29176760991678,3,51,150,1,1064.991049716172,4.515178303167529,2,1,2,0,0,8,1,27.338250045453247,66.66488950930929,523.1683004413713
2,36.36050404650946,1.1238729235457754,6.248717238493878,2,36,168,1,277.9436592790365,6.856469994835113,3,3,0,1,1,8,3,28.472303684125485,64.97947648535018,509.7956808998081
1,37.82615372049892,1.4866911647138796,6.335561624572992,3,61,231,0,0.0,0.0,3,0,1,1,0,6,1,24.510990997779437,42.07727893540042,398.8364338123676
3,38.866044206323934,1.138385205181203,4.194321947893091,1,51,92,0,0.0,0.0,3,2,0,1,0,8,3,28.031203708192365,12.630102009122712,386.252112547459
7,49.34135223414518,1.4044832657601816,1.4679041677993674,3,41,79,1,1269.8003871269082,1.4982325468611186,3,1,1,1,0,4,2,12.65371627296437,44.45794844652611,703.4553594933
1,38.599533544462105,1.212112065491924,1.2856938883568976,1,35,101,0,0.0,0.0,2,3,1,0,0,4,1,11.192774294476177,72.8911873900928,256.1449034367729
5,40.70427679178857,1.0627309355437211,4.810016297378778,1,34,155,0,0.0,0.0,3,3,1,0,1,7,1,14.607504689013,23.33151089252632,482.7416739958694
7,33.31404458060146,1.0000484888681092,1.7610884028751408,1,32,175,1,1345.648586413532,4.508540850023828,4,1,0,0,1,3,1,6.383549963761322,78.78147304074115,542.7052471033941
6,38.063812707026905,0.9422561637602612,6.461622599861252,2,66,165,1,112.83177025734308,5.897367111176801,1,1,0,0,1,8,1,25.246790476033198,66.538343400922,617.253342355567
4,32.9544369542103,1.3332587339643882,8.928757050756918,3,61,158,1,381.9587439114424,6.929572690859121,4,1,1,0,1,6,3,29.60438712787693,59.688085459744535,607.3970603800021
1,27.561857331895528,1.0705783547761194,8.9462333486685,1,40,13,0,0.0,0.0,1,0,2,1,1,6,3,25.600732310915244,57.40119705456245,487.53080285369055
5,46.12070076834823,1.157892823540526,6.931408691190091,1,73,116,1,958.7625851310396,1.2844938168405096,4,1,2,0,1,2,1,18.874383371313705,51.09181173536338,683.2935182059297
7,48.38744794942557,1.1446278360008273,2.901086483256379,2,42,224,0,0.0,0.0,1,1,2,0,1,3,1,12.382049262073746,60.44692262743924,645.5354287402866
5,46.682162110336506,1.204095320463192,8.766971482229849,3,11,248,0,0.0,0.0,1,0,1,1,0,6,1,9.942447213589515,39.533388935352434,500.0080578646546
6,41.222291533020034,1.4059040019371865,8.974840917818874,3,27,72,0,0.0,0.0,1,3,0,1,1,4,3,14.1015717949165,69.17016756140907,611.0244322954935
3,38.29250230627304,1.4865175405084006,2.769882264576628,2,56,248,1,442.64311149169816,3.9689707397285208,1,1,1,1,1,2,1,21.67423823870516,58.74421692666966,484.2604328285705
5,55.21667773501388,1.0853089460016718,7.636834771936095,2,42,90,0,0.0,0.0,2,2,2,0,1,0,1,16.17653888852059,63.98771786656844,584.6878702830847
7,43.16786247976764,1.3792632454744125,3.578675940344106,3,44,215,1,682.2791160165133,5.622470722411863,4,3,0,1,0,6,1,28.35149550211215,65.47411955161857,735.7643416136476
5,41.77136571704058,1.3351694562583023,8.223762811176368,2,60,204,1,1108.46671683239,3.997710471992572,1,2,1,1,1,5,3,26.35550857414331,16.444903199623177,741.8193095066026
5,25.89747230322525,1.2014702660189012,9.975141099132424,3,27,89,1,1385.5990495319409,2.8312871807731548,4,1,1,1,1,6,2,7.560015399072474,13.894854088141654,464.1348771472002
5,36.94367396691547,1.4692330005283532,1.270234047964535,3,39,28,1,671.2566462439432,6.842455492230961,3,0,2,0,1,1,2,8.28813059714275,66.06901079393151,539.4063565584303
2,38.306846657505,0.940332160869882,9.076292792118387,1,53,178,1,367.7883194523559,4.980175665738957,1,0,1,1,0,3,3,21.90597963250277,28.156881472677235,474.64555052507626
2,38.95879733139152,0.8764849472167351,6.603674802387922,1,62,48,0,0.0,0.0,4,0,0,1,1,1,2,10.769209749508857,50.737886525827,410.2945177286515
3,45.30603292295663,1.3977733768687957,9.760443572483393,3,19,170,0,0.0,0.0,2,1,2,0,0,7,1,24.77574692529378,41.05975986532904,420.5078765417511
1,43.67608913544075,1.1074048716436238,5.185085657737848,3,61,219,0,0.0,0.0,4,1,2,1,0,6,1,19.783953558158828,11.542744256734396,319.1990352061908
5,46.27667824777056,1.3928781979449425,8.626491375142365,3,58,219,0,0.0,0.0,1,2,0,0,0,0,3,10.745763193333753,12.819688071639003,604.1011671174607
6,51.77091415397449,1.4251631436367904,1.561546617384495,3,20,71,0,0.0,0.0,3,0,2,0,0,1,3,16.96716993701478,67.8987669595157,590.7138603032852
1,53.45450085506327,0.84372031553335,4.017511450704662,3,75,214,1,900.6565314425353,4.179003333772422,4,1,1,1,1,1,2,15.151907309175831,52.53742930421067,390.2164608764924
6,50.1343076679273,1.4184253340902426,1.6031488397608895,3,67,220,1,1370.4484468849955,2.739924355864851,3,3,1,0,0,3,2,26.82898397973512,46.66901551157914,807.6503117175494
1,58.44332935842272,1.1138233387585956,9.778088201311634,2,45,132,0,0.0,0.0,2,1,2,1,0,2,1,5.804061874426257,76.10464584302252,419.1976137630593
3,25.638140393672657,1.1573027423029627,8.352765165446531,3,42,41,0,0.0,0.0,4,1,0,1,1,0,3,27.39609726166975,22.118051815019143,315.6337751181745
5,31.852229498924117,1.238614757765247,8.672926791213735,2,56,134,0,0.0,0.0,4,3,1,1,0,1,2,21.302067071993584,28.057958776115896,487.947535193986
5,25.264700624234973,1.4484678247110607,9.441687082905048,2,22,41,1,674.0333014384402,2.6997791679862133,2,0,0,1,0,8,2,23.43845468870947,62.97173547649391,532.1275022668965
4,47.66161499541111,0.8133812661008348,1.7659313750780683,3,49,163,1,774.7928848260138,1.0014576066070764,2,3,1,0,0,0,1,5.065186584815844,64.26646595705506,370.5822361273137
6,56.43106921324954,1.133790427822472,4.47037833262,3,77,104,1,198.6449487337416,1.7616163460450582,2,0,1,1,0,8,1,20.70598585093081,38.34280375074151,724.068571921578
1,33.52188038017047,1.2814054297013926,1.639314001396019,2,51,26,0,0.0,0.0,1,3,2,1,0,6,1,19.71215409277565,76.5684904250632,364.1052626986324
1,57.44620906787073,1.30589487038876,2.897137913950257,2,28,57,0,0.0,0.0,1,2,2,1,0,1,1,18.430138909657497,75.67782044006195,283.98997600493607
2,27.10935866013463,1.2847727020759756,3.064291993339052,3,28,45,0,0.0,0.0,4,0,0,0,1,1,2,24.646671417647124,10.868680054211168,209.12558507025156
4,57.705260938193,0.8941045905856854,5.221964899428208,3,67,65,0,0.0,0.0,4,1,2,0,1,4,3,18.89677740991263,22.06295316385075,456.7600473662967
7,37.30679405338721,1.009576911860177,3.4170595070827834,2,32,24,1,745.2162293775128,4.651429559043845,4,2,1,1,1,4,3,26.42742973899644,67.415360917871,538.9623374825245
7,28.549728995722575,1.0511008677919094,1.9088029613598496,2,63,72,0,0.0,0.0,3,0,1,0,1,3,1,10.81578716024096,33.46516793782058,465.6373577726468
2,42.0055115715214,1.3631060453756536,2.5074198018469693,2,74,116,0,0.0,0.0,2,0,0,0,0,2,1,25.149564724292496,16.682387508987986,299.79457783399005
2,33.98717987021778,0.9951319106901872,2.3254800719688182,1,21,154,0,0.0,0.0,4,0,0,1,0,3,2,9.482819320620145,64.94994220965086,255.39920946985572
2,34.9705515686673,0.9474934747070424,9.757691181210683,2,33,128,1,1133.9546552662707,1.3812143345435115,2,3,1,1,0,3,1,25.327944799224497,41.820845390264665,416.6177260747524
6,35.75514877242003,1.4702136133266674,7.833632562266263,1,43,86,1,1313.5972982378923,3.3774840808984354,1,0,2,1,1,1,3,28.511587970714192,44.46875507007603,772.490776003127
6,53.10590642414322,0.8062042995794283,9.709853187426058,3,62,73,0,0.0,0.0,2,1,2,1,1,4,1,13.392353557759602,23.04585721713199,585.9184979162768
3,43.87064468363391,1.4984745989773849,4.957664378571177,3,17,169,1,1036.674921443727,4.233885246700723,3,0,0,1,0,4,3,18.24715784950472,56.26265377572494,516.7408361212846
3,35.895769470460124,1.2737749092001769,3.5053163349639096,2,27,179,1,276.7968616183965,2.7272770200090672,3,1,0,0,0,4,1,21.458225573078693,48.58689226858324,342.7770645189705
2,46.36168241588214,1.3799285096143818,8.18463877488268,3,66,152,1,1424.087096144886,1.7216257787716411,2,1,1,1,1,0,1,6.986791646362365,24.467105645235307,469.357083918168
4,50.065273597811775,1.0062335774423352,3.936285262370321,3,14,181,1,285.6037084782753,5.221170041089183,3,1,1,1,1,5,3,17.35201795510301,33.82320559074448,404.7988247986132
1,34.54184002567368,0.810020694366942,3.6944503633481354,3,35,124,1,1184.5421120545177,4.869136260578361,3,2,0,1,1,1,2,14.014624414706168,51.78155011353204,309.8990536872087
6,39.4742185533873,1.316508662993071,3.0925539298704807,3,39,66,0,0.0,0.0,1,1,1,1,1,6,2,26.811390781282704,74.7410578803387,607.1226488974507
4,29.266013266793166,1.383901217900473,2.167110804018118,1,63,5,0,0.0,0.0,4,3,0,1,0,3,1,26.916987967708152,74.42634452250442,420.5120401108102
5,31.34022723371381,1.3183332923674635,3.3081675491508937,1,22,124,0,0.0,0.0,3,0,0,0,1,4,1,22.51948848868092,30.153413307823808,403.1553809236073
6,48.8391248887744,0.8999952011105871,4.1978777362649895,2,38,57,1,1155.3391981697166,2.822343109790955,4,3,2,1,1,4,3,21.393111864812457,61.49346844319194,604.0321572071538
6,31.350342169346945,1.3273995455798784,7.065947873311574,2,12,69,1,406.68284228383664,6.526416917797489,2,2,0,0,0,4,3,23.34221148189642,64.28633563666666,558.9242658617218
3,43.38071842834711,1.3382459474753483,1.5630835799750642,2,67,52,1,720.2559672892252,2.9256126299166425,2,0,1,1,0,1,1,14.149672525070176,66.61761699879563,454.7398269913079
1,49.81661916028514,1.2609783609690384,2.8945624569880866,3,11,65,1,964.938472425001,2.5135170031310223,3,1,2,1,0,4,3,15.112981168765636,49.9533599326036,289.49261345707134
1,28.740692308316035,1.3362811529569103,8.281212762625088,3,37,57,0,0.0,0.0,2,0,2,1,1,2,2,18.842618072217636,10.735559866971146,277.87493776002486
7,44.85592768701163,1.3921450077744124,2.3222973122539368,1,11,249,0,0.0,0.0,1,2,1,0,1,3,2,28.450703184111685,63.3173399812374,644.8215799859671
7,33.979697429547734,1.229522879966221,4.083806318702694,1,16,81,0,0.0,0.0,3,2,1,1,1,1,3,23.099996852989065,17.461821488054504,475.9876076783686
7,58.70244063331529,0.8620232997787753,8.78193029672326,2,35,86,0,0.0,0.0,3,3,1,1,1,3,3,18.774731112405583,18.180997035428128,624.5667388913565
7,41.92409763519737,1.1413394667670476,2.394327800290984,1,25,1,0,0.0,0.0,3,0,0,1,0,8,3,24.260325372417864,52.393736185230686,523.2349000515578
5,53.20973924213054,0.8543545342701235,1.744631520563709,1,32,203,0,0.0,0.0,2,0,2,1,0,7,2,14.272257805960626,78.84643647177111,471.3364927346884
5,44.25792897546916,1.0852801217227015,5.3608419557200975,1,49,149,1,825.6534922557528,5.272047767188976,2,0,0,1,1,2,1,23.261667528609262,26.97776312860599,682.9242927006574
6,26.51943864991867,1.0849745423879391,3.721775601506828,1,69,36,1,746.529074186826,3.309752335825343,3,3,0,1,1,0,3,15.266906207067509,55.20676160358453,540.7634590524076
2,47.16029814579078,0.8462068908981691,6.070675280354687,1,41,147,0,0.0,0.0,4,2,0,1,1,0,3,11.991535175374652,31.25575520163207,369.47792007086855
3,58.299116977233,1.0441743737786355,8.234244014351276,2,24,102,1,913.3560212842294,5.699740554633198,2,1,0,0,0,5,3,20.24310118805731,72.91082795273708,616.4121701405447
3,46.05641370512159,0.8776986691539204,2.2343363933746883,2,22,23,0,0.0,0.0,2,0,2,1,1,2,1,22.171938991254613,51.54618244797048,292.7742749054939
7,53.67161007993766,1.3657646470064555,6.226291760988564,1,14,111,0,0.0,0.0,3,3,2,1,0,3,3,16.482339029489104,24.52341293595296,718.8606737223555
6,55.94722621719427,1.4633816181751296,5.549578843508775,2,61,211,1,980.906870211609,3.5237814212729166,4,3,0,1,1,0,3,19.137518283887538,28.34917353117998,801.3959546376084
4,32.982792018212635,0.8506215326805571,2.2967090741187963,3,50,64,0,0.0,0.0,3,1,1,0,0,7,2,22.35165187139892,40.27365112926847,340.7553569502477
2,32.42156939678793,1.468580645104191,6.615986369760842,1,62,192,0,0.0,0.0,2,2,2,0,0,0,3,24.192751288937732,18.54304934208689,401.27785150949256
6,46.38433460978471,1.1658036195357218,3.462763760746945,3,59,208,0,0.0,0.0,3,0,0,1,1,4,2,27.389286977076907,15.511335778443716,526.4825393150436
2,39.38599644323467,1.0096959745677117,5.390508866896113,2,24,128,1,1303.6469279590938,1.3136120053695792,3,0,1,0,0,5,1,13.863605156608203,57.60429770235693,360.3685465619925
2,54.39514560033521,0.8538034526933145,1.7404509184935568,2,16,116,1,741.5546406710671,5.11323172337574,3,3,1,1,0,1,3,28.78693132131484,38.50155434623842,291.9266562252931
2,56.50080931893039,1.1504369876492926,5.136256514922607,3,49,115,1,467.3825143747002,3.617286502720273,4,2,0,1,1,6,3,20.93199525307719,60.83580543091939,451.7113220915024
6,37.369748275595136,1.356160881143524,3.758171212385383,2,37,236,1,438.4703104715542,2.168762815863561,3,0,2,0,0,6,2,24.692547067473694,17.704074030633503,589.8695238615813
7,33.29046956410687,1.2949605340866888,8.401430900668188,1,41,221,0,0.0,0.0,2,1,1,1,1,0,1,22.49422608703596,52.6905883530767,642.6970102737043
3,52.31839303353516,0.8351582080247817,1.5128085429763145,3,24,104,1,1341.5641552565428,5.815364488909768,3,2,2,0,0,3,1,10.139293133710163,41.03147553588183,482.7446243236356
3,34.618211244184764,0.8510312847575325,4.76746547426497,1,79,238,1,629.6866143557057,3.918349768533363,4,2,2,0,0,3,2,6.7859595752207085,14.059905811992,447.3917687751796
7,53.79150114797874,1.082011297842846,5.125882817182943,3,74,2,1,1149.6160454969606,2.7907039668865634,1,3,1,0,0,4,1,23.157161600453005,48.13613847931838,750.0097893502365
2,39.8308388777067,1.0067033458335604,7.525054686692068,2,13,45,0,0.0,0.0,4,3,0,1,0,0,1,17.776316694864413,15.796299230018205,270.2304483680971
4,48.36424647520147,0.9626690261392336,6.168588175811899,3,20,54,1,766.4793830114864,2.7289128146644184,3,0,1,1,1,0,1,22.55533421020812,67.94038234537057,430.0554418505568
1,28.343735984213385,0.9967031492360996,7.0049110347476296,3,35,74,1,1488.3605965498298,2.416047581942272,1,3,1,1,1,6,1,16.921070097886492,54.23702257730202,382.7302897606469
6,46.83507636368006,1.3624379203078192,7.993443570865805,1,70,215,0,0.0,0.0,3,2,2,1,1,8,1,12.8058630104126,48.987727363231386,867.1151782597424
1,40.81186875580302,1.4504596375422978,8.759826762923698,2,46,213,0,0.0,0.0,4,0,0,1,0,0,1,12.125447731489206,19.34283031287613,335.9270329417533
7,45.5312962111416,1.0835718861692964,3.824879470502234,1,32,191,0,0.0,0.0,1,0,2,1,0,1,1,23.26330327174985,30.12199794528581,604.131485657924
4,30.88049727107022,1.434277701492748,5.842204348275127,2,49,235,0,0.0,0.0,1,2,1,1,1,5,1,11.919502036644367,44.50131279947095,485.0269741989323
6,50.790581073046376,1.0250469908735174,8.5609727059528,1,32,44,1,673.3852981675129,1.917659118852557,3,0,0,0,1,5,3,22.866921773135523,54.329845954778165,672.3581937058042
